point,x,y,date,S2ndvi_fused,VV_fused,VH_fused
0,415821.9455938322,9133401.286936864,2025-09-07,0.3383454416343491,-9.193765669416063,-14.215201003915315
0,415821.9455938322,9133401.286936864,2025-09-19,0.2871546849575158,-9.411819117972744,-14.571343210540133
0,415821.9455938322,9133401.286936864,2025-10-01,0.2973133486521242,-9.421256957509758,-14.491566435564913
0,415821.9455938322,9133401.286936864,2025-10-13,0.35656270269022966,-8.979749086770097,-13.322130725275324
0,415821.9455938322,9133401.286936864,2025-10-25,0.3269819929917197,-8.431981527281508,-13.09918012487239
0,415821.9455938322,9133401.286936864,2025-11-06,0.3361067284656543,-8.895479085433251,-13.117800623987618
0,415821.9455938322,9133401.286936864,2025-11-18,0.3563008417097846,-8.399105645794641,-11.902694280554822
0,415821.9455938322,9133401.286936864,2025-11-30,0.28818262764499136,-7.807390239643704,-13.722988759275077
0,415821.9455938322,9133401.286936864,2025-12-12,0.3024196468804213,-8.497160150572157,-13.734595811788875
0,415821.9455938322,9133401.286936864,2025-12-24,0.2733543151964643,-10.059155046279894,-15.26186941784597
0,415821.9455938322,9133401.286936864,2026-01-05,0.22128744783063503,-10.59039825218307,-16.220488000274102
0,415821.9455938322,9133401.286936864,2026-01-17,0.3010302082717206,-9.472686446162925,-14.278014914166205
0,415821.9455938322,9133401.286936864,2026-01-29,0.2722861122666566,-9.984114391674954,-15.24883841892482
0,415821.9455938322,9133401.286936864,2026-02-10,0.30177603230420724,-10.16292037063246,-14.620180629039156
0,415821.9455938322,9133401.286936864,2026-02-22,0.31301124075099507,-8.602714247766519,-13.53039108400705
0,415821.9455938322,9133401.286936864,2026-03-06,0.26216065453707255,-10.04676242752461,-15.529462145893813
0,415821.9455938322,9133401.286936864,2026-03-18,0.3259497178290325,-10.05280617531017,-14.796961682363055
0,415821.9455938322,9133401.286936864,2026-03-30,0.285558450012633,-7.864277314755375,-13.245312111392138
0,415821.9455938322,9133401.286936864,2026-04-11,0.27036396829194,-8.485940164372462,-14.024227032042276
0,415821.9455938322,9133401.286936864,2026-04-23,0.24641998790855507,-9.863405753516185,-14.945194507073944
0,415821.9455938322,9133401.286936864,2026-05-05,0.26691735713058795,-9.367858826513697,-14.974472287563982
0,415821.9455938322,9133401.286936864,2026-05-17,0.30444510447256723,-7.79405032276699,-13.448957404796126
0,415821.9455938322,9133401.286936864,2026-05-29,0.334252253420437,-8.274086912429901,-13.02146873387673
0,415821.9455938322,9133401.286936864,2026-06-10,0.28616297173682875,-10.120529031353762,-14.980312511927204
1,415832.43022379326,9133415.698051626,2025-09-07,0.3634575155418102,-10.009070278257795,-14.699379188498945
1,415832.43022379326,9133415.698051626,2025-09-19,0.31627214194773373,-9.65606273076909,-14.488533587332622
1,415832.43022379326,9133415.698051626,2025-10-01,0.3327110523558281,-9.54684506171643,-14.348425504086403
1,415832.43022379326,9133415.698051626,2025-10-13,0.362115225372945,-8.965103756347819,-13.638469660570987
1,415832.43022379326,9133415.698051626,2025-10-25,0.3118061321550853,-8.2070413214368,-13.1668451068001
1,415832.43022379326,9133415.698051626,2025-11-06,0.2976235283086127,-8.848745896980907,-14.030978125005985
1,415832.43022379326,9133415.698051626,2025-11-18,0.35064464496815756,-7.834603263315032,-11.607065044905681
1,415832.43022379326,9133415.698051626,2025-11-30,0.20626113254033962,-7.109613830959352,-13.956493452387402
1,415832.43022379326,9133415.698051626,2025-12-12,0.3065878206732523,-8.877847605353768,-13.902334309463019
1,415832.43022379326,9133415.698051626,2025-12-24,0.23653066597032357,-9.888873086564876,-16.097282535618056
1,415832.43022379326,9133415.698051626,2026-01-05,0.23798821213348342,-10.76978666411399,-16.356036032052657
1,415832.43022379326,9133415.698051626,2026-01-17,0.322709080771058,-9.593994259980505,-14.308594076087264
1,415832.43022379326,9133415.698051626,2026-01-29,0.28851840686729596,-9.902524539190306,-15.202222999979698
1,415832.43022379326,9133415.698051626,2026-02-10,0.3670657091926432,-10.449939649315265,-14.355892225957673
1,415832.43022379326,9133415.698051626,2026-02-22,0.32720718451703257,-8.861990531212987,-13.52690407285705
1,415832.43022379326,9133415.698051626,2026-03-06,0.28706049413423307,-10.76956753340035,-16.060513512197954
1,415832.43022379326,9133415.698051626,2026-03-18,0.3494818196438656,-10.079496597257743,-14.474812683946524
1,415832.43022379326,9133415.698051626,2026-03-30,0.24016482476955,-7.8541961566833525,-13.686074257417932
1,415832.43022379326,9133415.698051626,2026-04-11,0.24384548522192467,-8.232835632734517,-13.937029658884665
1,415832.43022379326,9133415.698051626,2026-04-23,0.2704265646514853,-10.58805611378657,-15.437904244264734
1,415832.43022379326,9133415.698051626,2026-05-05,0.24069266712392662,-9.791844443568058,-15.99897856168554
1,415832.43022379326,9133415.698051626,2026-05-17,0.3178768005226417,-8.447463807787612,-13.38866842960217
1,415832.43022379326,9133415.698051626,2026-05-29,0.3461887904959715,-9.19875675980652,-13.95993980243132
1,415832.43022379326,9133415.698051626,2026-06-10,0.3154344928055705,-9.849870756211917,-14.681451128329819
2,415839.84274079016,9133426.301407807,2025-09-07,0.33230313855112353,-9.85210643197685,-14.928070567543193
2,415839.84274079016,9133426.301407807,2025-09-19,0.31929070313190405,-9.094301892526456,-14.011714054056291
2,415839.84274079016,9133426.301407807,2025-10-01,0.3247379321663601,-9.520349642511398,-14.248227275461307
2,415839.84274079016,9133426.301407807,2025-10-13,0.35113321667885716,-8.659999320480882,-13.600107410682462
2,415839.84274079016,9133426.301407807,2025-10-25,0.3332873320430585,-8.371446971513121,-13.373770053885082
2,415839.84274079016,9133426.301407807,2025-11-06,0.32586176911908055,-8.709079235138542,-13.72443371687831
2,415839.84274079016,9133426.301407807,2025-11-18,0.33597022583185976,-7.7306907903156405,-12.326684001471996
2,415839.84274079016,9133426.301407807,2025-11-30,0.334670172466018,-8.040225872243607,-13.604206820439972
2,415839.84274079016,9133426.301407807,2025-12-12,0.2967853575339538,-10.07385290413899,-15.050473949994391
2,415839.84274079016,9133426.301407807,2025-12-24,0.2898643074425154,-10.015098543616112,-15.78888441197779
2,415839.84274079016,9133426.301407807,2026-01-05,0.2678727118125445,-10.583694901926167,-15.581712731914884
2,415839.84274079016,9133426.301407807,2026-01-17,0.3125221056167973,-9.327468172788377,-14.34132550108886
2,415839.84274079016,9133426.301407807,2026-01-29,0.3046101192504495,-9.676228478145221,-14.72707103813115
2,415839.84274079016,9133426.301407807,2026-02-10,0.3051316199331365,-9.956979043995265,-14.366898845442883
2,415839.84274079016,9133426.301407807,2026-02-22,0.3206403402877225,-9.112524183073186,-13.788027440353575
2,415839.84274079016,9133426.301407807,2026-03-06,0.28606846805574215,-10.653478627103386,-15.45479948401217
2,415839.84274079016,9133426.301407807,2026-03-18,0.3220112908182731,-9.549486633547003,-13.909831107428635
2,415839.84274079016,9133426.301407807,2026-03-30,0.30550190406969613,-8.269464109840943,-13.48946063732533
2,415839.84274079016,9133426.301407807,2026-04-11,0.28006030661478565,-9.628075260258157,-14.394381944369345
2,415839.84274079016,9133426.301407807,2026-04-23,0.26939735280880095,-10.6211610170817,-15.134030998843475
2,415839.84274079016,9133426.301407807,2026-05-05,0.2820617084130451,-10.41270105800023,-15.819242943514944
2,415839.84274079016,9133426.301407807,2026-05-17,0.32892167553990803,-9.084210592093333,-13.747082658435646
2,415839.84274079016,9133426.301407807,2026-05-29,0.34421381295690945,-9.215005250751164,-14.033629540467402
2,415839.84274079016,9133426.301407807,2026-06-10,0.32156424854264637,-9.01234214437136,-13.808508733488296
3,415877.2519778191,9133519.63231992,2025-09-07,0.41142321876822197,-8.512505562494237,-13.54465171944164
3,415877.2519778191,9133519.63231992,2025-09-19,0.3005117272174062,-8.526870743132957,-13.78282921380694
3,415877.2519778191,9133519.63231992,2025-10-01,0.3643992863431306,-8.792391538845209,-13.458523610761244
3,415877.2519778191,9133519.63231992,2025-10-13,0.40134354586619325,-8.212945889164184,-13.33137135387962
3,415877.2519778191,9133519.63231992,2025-10-25,0.4176454008862883,-7.815961330300111,-11.675363447393352
3,415877.2519778191,9133519.63231992,2025-11-06,0.3962108247904307,-7.591301146130498,-12.456579663748721
3,415877.2519778191,9133519.63231992,2025-11-18,0.3989547241052465,-7.241042256031758,-12.260825873846393
3,415877.2519778191,9133519.63231992,2025-11-30,0.3960697380120335,-7.574088396646217,-12.462928642809072
3,415877.2519778191,9133519.63231992,2025-12-12,0.35635859150789023,-8.451626840594423,-13.811026770121677
3,415877.2519778191,9133519.63231992,2025-12-24,0.28566489058857836,-8.937521493346107,-16.29346414046473
3,415877.2519778191,9133519.63231992,2026-01-05,0.3414045885407701,-9.104580378458845,-14.314772080674874
3,415877.2519778191,9133519.63231992,2026-01-17,0.33939050089289174,-8.497650319726592,-14.412283453838084
3,415877.2519778191,9133519.63231992,2026-01-29,0.38638564590449853,-7.8931194747264835,-12.783624029270246
3,415877.2519778191,9133519.63231992,2026-02-10,0.3441374429040057,-9.247393385169481,-14.18558212177959
3,415877.2519778191,9133519.63231992,2026-02-22,0.3709887579108852,-8.72044316027547,-13.268950440587608
3,415877.2519778191,9133519.63231992,2026-03-06,0.3849895170188346,-8.271165209980985,-12.804388242991925
3,415877.2519778191,9133519.63231992,2026-03-18,0.3672996434148297,-8.63418041582832,-14.140786728179034
3,415877.2519778191,9133519.63231992,2026-03-30,0.31508729230788696,-8.3480350341387,-14.212996223105538
3,415877.2519778191,9133519.63231992,2026-04-11,0.30546556049468465,-9.440536769337502,-14.8386221693639
3,415877.2519778191,9133519.63231992,2026-04-23,0.29296979996856404,-8.972704572001373,-15.738786757450471
3,415877.2519778191,9133519.63231992,2026-05-05,0.3018965846461603,-8.49614153550655,-15.748779813305907
3,415877.2519778191,9133519.63231992,2026-05-17,0.32843447659668606,-8.548342578720879,-15.577805964959275
3,415877.2519778191,9133519.63231992,2026-05-29,0.3704507959441914,-9.124155666042572,-13.858636774877986
3,415877.2519778191,9133519.63231992,2026-06-10,0.3032510792796794,-9.382668079896632,-15.63250234218961
4,415745.1090915946,9133346.38769737,2025-09-07,0.33410629942535924,-6.886645957084289,-13.778166823651118
4,415745.1090915946,9133346.38769737,2025-09-19,0.35325791190651595,-7.179885409265448,-13.884676591591424
4,415745.1090915946,9133346.38769737,2025-10-01,0.3631220097032372,-8.125801249889957,-14.088872498585543
4,415745.1090915946,9133346.38769737,2025-10-13,0.39717468192526895,-7.611262454064025,-13.810200988481762
4,415745.1090915946,9133346.38769737,2025-10-25,0.35154828699933527,-7.267502600156268,-13.650305444405017
4,415745.1090915946,9133346.38769737,2025-11-06,0.3216256368873405,-6.453007521403106,-12.997564051297642
4,415745.1090915946,9133346.38769737,2025-11-18,0.3383418114221211,-6.171924957121418,-12.76969268594026
4,415745.1090915946,9133346.38769737,2025-11-30,0.2786272499492205,-5.633360520660952,-12.79986960500419
4,415745.1090915946,9133346.38769737,2025-12-12,0.31980517619910354,-6.439584502937667,-13.021096944814223
4,415745.1090915946,9133346.38769737,2025-12-24,0.36865990117428643,-7.882329559633263,-14.284490407725375
4,415745.1090915946,9133346.38769737,2026-01-05,0.2733237205155069,-7.1722548529261285,-14.589774747180186
4,415745.1090915946,9133346.38769737,2026-01-17,0.2452495850829277,-5.799721539102037,-13.827092062514813
4,415745.1090915946,9133346.38769737,2026-01-29,0.34604285379041655,-7.142199764528824,-13.573191754720185
4,415745.1090915946,9133346.38769737,2026-02-10,0.36725023403597284,-7.719129987576189,-14.035229211897907
4,415745.1090915946,9133346.38769737,2026-02-22,0.3999424588252547,-8.19422510318172,-14.022306788414648
4,415745.1090915946,9133346.38769737,2026-03-06,0.41189040156838974,-8.453415339278484,-14.167352919454355
4,415745.1090915946,9133346.38769737,2026-03-18,0.4070838367543962,-8.06382164053572,-14.370835312881876
4,415745.1090915946,9133346.38769737,2026-03-30,0.33270996024502614,-6.743671051770463,-13.22001441549805
4,415745.1090915946,9133346.38769737,2026-04-11,0.2593355582259895,-5.5400853862144475,-12.653250598623826
4,415745.1090915946,9133346.38769737,2026-04-23,0.25212759344840713,-6.699815215210786,-14.014588587350314
4,415745.1090915946,9133346.38769737,2026-05-05,0.26097394542139096,-5.9412213571166586,-13.819190225061869
4,415745.1090915946,9133346.38769737,2026-05-17,0.29519071614727205,-6.072183334768743,-13.44056829256095
4,415745.1090915946,9133346.38769737,2026-05-29,0.3845172112698438,-7.432405557905153,-14.066741917239638
4,415745.1090915946,9133346.38769737,2026-06-10,0.3539742765532218,-7.4507770031656735,-13.9084517350978
5,415749.9108837191,9133355.78856187,2025-09-07,0.3647951324557344,-7.535467768637601,-14.374326385952738
5,415749.9108837191,9133355.78856187,2025-09-19,0.3598965178707996,-7.405213809407662,-14.296995579156663
5,415749.9108837191,9133355.78856187,2025-10-01,0.3653850836207498,-7.851805371553221,-14.054240221683814
5,415749.9108837191,9133355.78856187,2025-10-13,0.4013128539672756,-7.920736635237491,-14.255825765055011
5,415749.9108837191,9133355.78856187,2025-10-25,0.3354430733724154,-6.621425732514334,-13.375684936766511
5,415749.9108837191,9133355.78856187,2025-11-06,0.3240037559921681,-6.126451300559294,-12.862086116067932
5,415749.9108837191,9133355.78856187,2025-11-18,0.3468578664044153,-6.266593961980075,-12.764376399134735
5,415749.9108837191,9133355.78856187,2025-11-30,0.2927390215714315,-5.271532932230181,-12.571108046195699
5,415749.9108837191,9133355.78856187,2025-12-12,0.3494160190270388,-6.6296247235327534,-13.03479689190713
5,415749.9108837191,9133355.78856187,2025-12-24,0.3672566423714088,-7.993966474792529,-14.797515747258284
5,415749.9108837191,9133355.78856187,2026-01-05,0.3203907553268125,-8.019100963015209,-15.348640966725009
5,415749.9108837191,9133355.78856187,2026-01-17,0.29419704928301765,-6.681064972603006,-14.51804839239695
5,415749.9108837191,9133355.78856187,2026-01-29,0.41111915861917525,-8.412467753401836,-14.365070771484609
5,415749.9108837191,9133355.78856187,2026-02-10,0.38094714121941464,-7.718463032194562,-14.003206884702008
5,415749.9108837191,9133355.78856187,2026-02-22,0.3692887729848394,-7.627741905597368,-14.151451258406635
5,415749.9108837191,9133355.78856187,2026-03-06,0.3879307099093508,-8.182386665390867,-14.579344202488832
5,415749.9108837191,9133355.78856187,2026-03-18,0.4054545490847883,-8.481487441589795,-15.156143309300358
5,415749.9108837191,9133355.78856187,2026-03-30,0.34516076617337427,-6.62961886647955,-13.142653359452845
5,415749.9108837191,9133355.78856187,2026-04-11,0.29395960768528445,-5.797131568682536,-12.680308945415604
5,415749.9108837191,9133355.78856187,2026-04-23,0.28437723821767485,-6.948825634064589,-14.32975874571017
5,415749.9108837191,9133355.78856187,2026-05-05,0.30832026260421586,-7.2378203968947,-14.943981391534857
5,415749.9108837191,9133355.78856187,2026-05-17,0.3273977034197807,-6.625578359943529,-13.917293385830135
5,415749.9108837191,9133355.78856187,2026-05-29,0.37581111807261974,-7.40448205012767,-14.296058215283567
5,415749.9108837191,9133355.78856187,2026-06-10,0.3390043483575068,-7.3067783708073435,-14.398055540988564
6,415762.6872694171,9133390.512921812,2025-09-07,0.3516618375742361,-8.82739065368265,-14.32305396904055
6,415762.6872694171,9133390.512921812,2025-09-19,0.32790157742724996,-8.958518563021638,-14.521933082895469
6,415762.6872694171,9133390.512921812,2025-10-01,0.35850177920678433,-10.027846337251763,-14.295290616101319
6,415762.6872694171,9133390.512921812,2025-10-13,0.36087521144472917,-8.848132813355438,-13.912133822078514
6,415762.6872694171,9133390.512921812,2025-10-25,0.3429248710107434,-8.305912642189105,-12.588665444347672
6,415762.6872694171,9133390.512921812,2025-11-06,0.38797638225116804,-9.319982150788837,-12.493747549643931
6,415762.6872694171,9133390.512921812,2025-11-18,0.3326658344561039,-7.57908907591287,-12.185673893852549
6,415762.6872694171,9133390.512921812,2025-11-30,0.2928323883753659,-7.9627596654629755,-13.563299998178483
6,415762.6872694171,9133390.512921812,2025-12-12,0.28521782593430095,-7.860603984279022,-13.793030829271673
6,415762.6872694171,9133390.512921812,2025-12-24,0.35767199726902055,-10.461534350180385,-14.870843319461551
6,415762.6872694171,9133390.512921812,2026-01-05,0.2971880726806163,-9.973088280934428,-15.042607028686998
6,415762.6872694171,9133390.512921812,2026-01-17,0.3115930067232195,-9.758917550406698,-15.392325366597674
6,415762.6872694171,9133390.512921812,2026-01-29,0.2606705968151523,-7.9183586676606215,-14.618874126928048
6,415762.6872694171,9133390.512921812,2026-02-10,0.34818343518221156,-9.902472904589384,-14.452606494083666
6,415762.6872694171,9133390.512921812,2026-02-22,0.34438074317246004,-10.0107420565419,-14.706526101996083
6,415762.6872694171,9133390.512921812,2026-03-06,0.33467257762675284,-9.411853775666069,-14.24450356170054
6,415762.6872694171,9133390.512921812,2026-03-18,0.38313363736201067,-10.573170989566144,-15.69418755566832
6,415762.6872694171,9133390.512921812,2026-03-30,0.2764094142359509,-8.64589452272611,-14.288154259985584
6,415762.6872694171,9133390.512921812,2026-04-11,0.28636230429795007,-7.67097812559452,-12.088178794699386
6,415762.6872694171,9133390.512921812,2026-04-23,0.21541820820152124,-9.159402001078703,-15.729195681873753
6,415762.6872694171,9133390.512921812,2026-05-05,0.2619801072650052,-9.120815468731774,-16.07197725923542
6,415762.6872694171,9133390.512921812,2026-05-17,0.2826866631498706,-7.129112564931537,-13.75387763446879
6,415762.6872694171,9133390.512921812,2026-05-29,0.38710396646376577,-8.771540138455165,-12.836638328397171
6,415762.6872694171,9133390.512921812,2026-06-10,0.3085494191087656,-9.272416337034091,-14.868533762730427
7,415779.75100938353,9133417.839500107,2025-09-07,0.3651119323389033,-8.777388880192213,-13.562814035987751
7,415779.75100938353,9133417.839500107,2025-09-19,0.3146267491204204,-8.933497200210468,-14.601368588042241
7,415779.75100938353,9133417.839500107,2025-10-01,0.33864886339595757,-8.635467211592625,-13.6274457611364
7,415779.75100938353,9133417.839500107,2025-10-13,0.3502482113501294,-8.55092919698225,-14.088706775470643
7,415779.75100938353,9133417.839500107,2025-10-25,0.3136894194506194,-7.940404884223069,-13.30707850532789
7,415779.75100938353,9133417.839500107,2025-11-06,0.33588455867093386,-7.377219181197495,-12.166801711274985
7,415779.75100938353,9133417.839500107,2025-11-18,0.2753412491179453,-6.190561421242906,-12.34938049448264
7,415779.75100938353,9133417.839500107,2025-11-30,0.24465327422152522,-6.283079026912461,-12.839531020636022
7,415779.75100938353,9133417.839500107,2025-12-12,0.3343335620954886,-8.619460963193216,-13.6977281800014
7,415779.75100938353,9133417.839500107,2025-12-24,0.33779403349694076,-9.298780952728585,-14.445460365811424
7,415779.75100938353,9133417.839500107,2026-01-05,0.28791767517857225,-9.610543480742997,-15.588792424462603
7,415779.75100938353,9133417.839500107,2026-01-17,0.3070818202693099,-8.680816922281538,-14.337547640240789
7,415779.75100938353,9133417.839500107,2026-01-29,0.35901220191523325,-10.67506872568176,-15.665379985843327
7,415779.75100938353,9133417.839500107,2026-02-10,0.335054344955549,-9.123215261772224,-14.290526871238203
7,415779.75100938353,9133417.839500107,2026-02-22,0.3970020522868244,-9.579092568180215,-13.55438177796182
7,415779.75100938353,9133417.839500107,2026-03-06,0.3324923194298349,-9.481949803395331,-14.77652091267776
7,415779.75100938353,9133417.839500107,2026-03-18,0.4474289228234309,-11.234542765512254,-14.760046484604766
7,415779.75100938353,9133417.839500107,2026-03-30,0.26664318227189066,-7.820582319743113,-13.790397042499846
7,415779.75100938353,9133417.839500107,2026-04-11,0.28943484269431674,-7.733134270365486,-13.063075969317774
7,415779.75100938353,9133417.839500107,2026-04-23,0.22811442905394672,-7.79728013600026,-14.372928479109184
7,415779.75100938353,9133417.839500107,2026-05-05,0.26745515399654757,-8.987462908294205,-15.648865869537085
7,415779.75100938353,9133417.839500107,2026-05-17,0.3079226734407337,-7.694014322417151,-13.594796749206608
7,415779.75100938353,9133417.839500107,2026-05-29,0.4113161482722021,-8.685833662387456,-12.347492695219124
7,415779.75100938353,9133417.839500107,2026-06-10,0.4301122581046562,-10.444340836046361,-13.91084836571644
8,415802.5314947231,9133438.285220942,2025-09-07,0.3685090977478204,-9.027460713226201,-14.035384108064894
8,415802.5314947231,9133438.285220942,2025-09-19,0.29972419832007513,-8.120339179075554,-13.649902103183264
8,415802.5314947231,9133438.285220942,2025-10-01,0.3721471450658788,-8.707883800192764,-13.01556573402205
8,415802.5314947231,9133438.285220942,2025-10-13,0.40985440922602223,-7.881696123533411,-12.55050847208137
8,415802.5314947231,9133438.285220942,2025-10-25,0.3513209366956008,-8.285716868679557,-12.977087709111313
8,415802.5314947231,9133438.285220942,2025-11-06,0.37489121917142393,-7.514279095908582,-11.894689808138772
8,415802.5314947231,9133438.285220942,2025-11-18,0.315264151252596,-6.72618382982192,-12.475176322946513
8,415802.5314947231,9133438.285220942,2025-11-30,0.297026868088353,-7.275001583228175,-12.957782275917825
8,415802.5314947231,9133438.285220942,2025-12-12,0.3416977685938689,-8.054074440371641,-12.926345618392137
8,415802.5314947231,9133438.285220942,2025-12-24,0.2624219219948343,-8.165340670132034,-14.328568185391525
8,415802.5314947231,9133438.285220942,2026-01-05,0.27021496077791857,-9.851340785250146,-14.779968347726445
8,415802.5314947231,9133438.285220942,2026-01-17,0.21156968911808116,-7.338281292354904,-14.418269228899879
8,415802.5314947231,9133438.285220942,2026-01-29,0.34344696709782035,-9.421903875650417,-14.130459951897194
8,415802.5314947231,9133438.285220942,2026-02-10,0.367034565862584,-8.578604377904126,-12.98300783890829
8,415802.5314947231,9133438.285220942,2026-02-22,0.4076343585477658,-9.04205704560241,-12.733958175945702
8,415802.5314947231,9133438.285220942,2026-03-06,0.32500982363581743,-9.172489344782475,-14.208450456770652
8,415802.5314947231,9133438.285220942,2026-03-18,0.46513383320392376,-10.57346805455059,-13.609826143440834
8,415802.5314947231,9133438.285220942,2026-03-30,0.2293816969783043,-5.9699048637352785,-12.701926197391295
8,415802.5314947231,9133438.285220942,2026-04-11,0.2504513368037179,-7.371726452071138,-13.225399802576655
8,415802.5314947231,9133438.285220942,2026-04-23,0.18621610326964916,-6.614243554033813,-13.807058727269611
8,415802.5314947231,9133438.285220942,2026-05-05,0.2901250637365582,-8.974328567399171,-14.694205622383345
8,415802.5314947231,9133438.285220942,2026-05-17,0.34377952169487197,-7.940366011569611,-13.476808092357514
8,415802.5314947231,9133438.285220942,2026-05-29,0.4092302341134556,-8.785162793631065,-12.831875159226753
8,415802.5314947231,9133438.285220942,2026-06-10,0.41039848807299445,-9.164513211089325,-12.79893446239571
9,415804.67051835306,9133480.817067973,2025-09-07,0.3880132458691812,-8.067746856749253,-13.215066761591753
9,415804.67051835306,9133480.817067973,2025-09-19,0.3054384486354005,-7.635335692083012,-13.6458777269804
9,415804.67051835306,9133480.817067973,2025-10-01,0.32659947778173887,-8.110446833898878,-13.624613794028978
9,415804.67051835306,9133480.817067973,2025-10-13,0.35316904180542524,-8.680547648897585,-13.958435074473241
9,415804.67051835306,9133480.817067973,2025-10-25,0.30086034395727757,-6.442490977505905,-12.62942858465455
9,415804.67051835306,9133480.817067973,2025-11-06,0.369259108159341,-6.819297652281003,-11.84554616121033
9,415804.67051835306,9133480.817067973,2025-11-18,0.35591184576444335,-6.6130921551864015,-11.789489492479394
9,415804.67051835306,9133480.817067973,2025-11-30,0.381448886584554,-7.056939214019412,-11.849971120924607
9,415804.67051835306,9133480.817067973,2025-12-12,0.3345666535090189,-7.311360757460863,-12.820679651727348
9,415804.67051835306,9133480.817067973,2025-12-24,0.34353796214168464,-10.590941929825135,-15.448539597030774
9,415804.67051835306,9133480.817067973,2026-01-05,0.22847526635204604,-10.368224911348852,-16.971727422443845
9,415804.67051835306,9133480.817067973,2026-01-17,0.32717391904155896,-9.508973545446816,-14.797626108526062
9,415804.67051835306,9133480.817067973,2026-01-29,0.2605830249291167,-8.05295513826481,-14.640038031394496
9,415804.67051835306,9133480.817067973,2026-02-10,0.3138080746045297,-8.536719181452687,-14.191137710973935
9,415804.67051835306,9133480.817067973,2026-02-22,0.3798773720113474,-9.3152800122728,-13.78443113233187
9,415804.67051835306,9133480.817067973,2026-03-06,0.47178120174476235,-10.705024518256932,-13.478009881039311
9,415804.67051835306,9133480.817067973,2026-03-18,0.4587804317736426,-9.961310308583776,-13.42653191026262
9,415804.67051835306,9133480.817067973,2026-03-30,0.28050856985902156,-7.342901662558655,-13.363110651131754
9,415804.67051835306,9133480.817067973,2026-04-11,0.2927993818902832,-6.809063560186001,-12.61591924424785
9,415804.67051835306,9133480.817067973,2026-04-23,0.2072323178481551,-8.269268075401895,-15.351625602003455
9,415804.67051835306,9133480.817067973,2026-05-05,0.2757370209498736,-9.161120128612465,-15.332600357074012
9,415804.67051835306,9133480.817067973,2026-05-17,0.28755205657419763,-7.379341261102455,-14.111455438165994
9,415804.67051835306,9133480.817067973,2026-05-29,0.32126137525956855,-7.73565604199858,-14.019613955414338
9,415804.67051835306,9133480.817067973,2026-06-10,0.4638976149907718,-10.09064910179505,-13.085700437630592
10,415787.18405002047,9133514.4196422,2025-09-07,0.3242123582013309,-8.874609619409558,-14.248275784555844
10,415787.18405002047,9133514.4196422,2025-09-19,0.2924013229443186,-8.96980782460957,-14.78934502070761
10,415787.18405002047,9133514.4196422,2025-10-01,0.32128100738645626,-8.413105386630946,-13.493438668751228
10,415787.18405002047,9133514.4196422,2025-10-13,0.32213891183708593,-8.12645420347574,-13.493008391746585
10,415787.18405002047,9133514.4196422,2025-10-25,0.32588985953646177,-7.093121363914576,-12.448478342398158
10,415787.18405002047,9133514.4196422,2025-11-06,0.3330680765868415,-6.711857910583695,-11.964240081282814
10,415787.18405002047,9133514.4196422,2025-11-18,0.33735379847874086,-7.306917468932772,-12.184344178969273
10,415787.18405002047,9133514.4196422,2025-11-30,0.34040610279785993,-7.428747505429644,-12.681502627479135
10,415787.18405002047,9133514.4196422,2025-12-12,0.33490344921331267,-7.872693952893634,-12.699502911951482
10,415787.18405002047,9133514.4196422,2025-12-24,0.3105555596017172,-10.871089100553508,-15.506153585097486
10,415787.18405002047,9133514.4196422,2026-01-05,0.23303278445540476,-10.739050512111998,-16.91804370668634
10,415787.18405002047,9133514.4196422,2026-01-17,0.2750939384249881,-9.676816986768323,-15.797122608704445
10,415787.18405002047,9133514.4196422,2026-01-29,0.31605005047297874,-9.065162222242826,-14.10180217190264
10,415787.18405002047,9133514.4196422,2026-02-10,0.306729117739055,-9.48146151940903,-14.676807628956219
10,415787.18405002047,9133514.4196422,2026-02-22,0.3219722397645885,-9.611827425785277,-14.290261347256553
10,415787.18405002047,9133514.4196422,2026-03-06,0.33226333797182017,-10.703653839698347,-14.714611588424388
10,415787.18405002047,9133514.4196422,2026-03-18,0.39213826787656686,-10.158969722389761,-13.825466943825159
10,415787.18405002047,9133514.4196422,2026-03-30,0.2856169648131006,-7.611372172969654,-12.72604988989392
10,415787.18405002047,9133514.4196422,2026-04-11,0.2836475257980978,-7.191659554188867,-12.58781593715206
10,415787.18405002047,9133514.4196422,2026-04-23,0.23357803590692,-9.621897257851263,-16.12117395184198
10,415787.18405002047,9133514.4196422,2026-05-05,0.27455464174982214,-9.432899567877994,-15.647420925558329
10,415787.18405002047,9133514.4196422,2026-05-17,0.29854737420589533,-6.817636947225453,-14.231583737609785
10,415787.18405002047,9133514.4196422,2026-05-29,0.33140707166158606,-9.141255979357707,-14.900903201294833
10,415787.18405002047,9133514.4196422,2026-06-10,0.30730759918585465,-9.084196789354316,-14.387541159415873
11,415856.55124143977,9133553.137180122,2025-09-07,0.40556695296336837,-7.829764345997874,-13.14701578992163
11,415856.55124143977,9133553.137180122,2025-09-19,0.3025594799348489,-7.728739804015619,-12.902200536533464
11,415856.55124143977,9133553.137180122,2025-10-01,0.35426529713713517,-8.060016285640543,-13.87786303714413
11,415856.55124143977,9133553.137180122,2025-10-13,0.38766978727206386,-7.7456346493964086,-13.563512597295047
11,415856.55124143977,9133553.137180122,2025-10-25,0.3967188010322513,-7.3950452993931854,-12.42735546947089
11,415856.55124143977,9133553.137180122,2025-11-06,0.3833279380075877,-7.4187119575660905,-12.80302611753604
11,415856.55124143977,9133553.137180122,2025-11-18,0.39814621781443477,-6.962660407601707,-12.432532670890811
11,415856.55124143977,9133553.137180122,2025-11-30,0.3881456056146075,-7.207507715402593,-12.619394456979212
11,415856.55124143977,9133553.137180122,2025-12-12,0.3816157074338877,-7.542741980169082,-12.880000955441957
11,415856.55124143977,9133553.137180122,2025-12-24,0.34458095565406266,-8.333825834851122,-14.092526045718468
11,415856.55124143977,9133553.137180122,2026-01-05,0.31361651568655136,-8.190439517935971,-13.95459120883781
11,415856.55124143977,9133553.137180122,2026-01-17,0.31220373017353953,-8.256707113287328,-14.968715615183578
11,415856.55124143977,9133553.137180122,2026-01-29,0.35173138348827115,-7.118284043411549,-13.604237518577293
11,415856.55124143977,9133553.137180122,2026-02-10,0.3713618939030128,-7.902670956575114,-13.249411095441827
11,415856.55124143977,9133553.137180122,2026-02-22,0.3713157394494053,-8.070894639626372,-13.290919076329448
11,415856.55124143977,9133553.137180122,2026-03-06,0.37229994988164206,-8.169184257261296,-13.287230951934845
11,415856.55124143977,9133553.137180122,2026-03-18,0.44404550245081653,-7.875692035110992,-13.12437882226882
11,415856.55124143977,9133553.137180122,2026-03-30,0.38761388626782944,-7.773946413185165,-12.71288864271681
11,415856.55124143977,9133553.137180122,2026-04-11,0.37406936424041964,-7.425727674852082,-12.980519899604
11,415856.55124143977,9133553.137180122,2026-04-23,0.3302720573893292,-7.447854260721007,-13.74433709699034
11,415856.55124143977,9133553.137180122,2026-05-05,0.3297355043515623,-7.866915182056801,-14.391061960317748
11,415856.55124143977,9133553.137180122,2026-05-17,0.3279608633219837,-7.473733876544187,-14.085580155995357
11,415856.55124143977,9133553.137180122,2026-05-29,0.36753365220925815,-7.667577620412524,-13.294933088568083
11,415856.55124143977,9133553.137180122,2026-06-10,0.3535911546890957,-7.673605311727998,-13.685660705028232
12,415796.8238107496,9133606.790226942,2025-09-07,0.3977284801229628,-8.232580232529449,-13.920832322746245
12,415796.8238107496,9133606.790226942,2025-09-19,0.35440322392437534,-7.522575297131206,-13.62603261710267
12,415796.8238107496,9133606.790226942,2025-10-01,0.43583144414030317,-8.89035493368192,-14.012440873145167
12,415796.8238107496,9133606.790226942,2025-10-13,0.33474954890835384,-8.442691788195143,-14.0293776351647
12,415796.8238107496,9133606.790226942,2025-10-25,0.3884264639461088,-8.039243862224374,-13.666914714063509
12,415796.8238107496,9133606.790226942,2025-11-06,0.33953747071864804,-7.310673305199768,-13.638615429146746
12,415796.8238107496,9133606.790226942,2025-11-18,0.40700746151764294,-8.231920421184462,-13.456691517546199
12,415796.8238107496,9133606.790226942,2025-11-30,0.2920436879418172,-6.492612928724872,-13.368623404339663
12,415796.8238107496,9133606.790226942,2025-12-12,0.4281472693056746,-8.676421856798399,-13.78937877763685
12,415796.8238107496,9133606.790226942,2025-12-24,0.3909587758535358,-8.075808709276952,-13.66580115644839
12,415796.8238107496,9133606.790226942,2026-01-05,0.4019638674032249,-8.248337780387704,-14.072668775644024
12,415796.8238107496,9133606.790226942,2026-01-17,0.5556403790917085,-11.009910063948068,-14.816441157445892
12,415796.8238107496,9133606.790226942,2026-01-29,0.2246510984152182,-5.451649434509044,-13.249040339414877
12,415796.8238107496,9133606.790226942,2026-02-10,0.38076199686359175,-8.012800188368525,-13.855490702029487
12,415796.8238107496,9133606.790226942,2026-02-22,0.4822879250418186,-9.551885494598855,-13.971629123712086
12,415796.8238107496,9133606.790226942,2026-03-06,0.45835613080488535,-9.274336858632454,-14.131701483517862
12,415796.8238107496,9133606.790226942,2026-03-18,0.5627410407273986,-9.869005464077956,-13.924455335582989
12,415796.8238107496,9133606.790226942,2026-03-30,0.37106546438773647,-7.999987357790767,-13.663770823840391
12,415796.8238107496,9133606.790226942,2026-04-11,0.4124548027210586,-7.957104278564646,-13.389175412004105
12,415796.8238107496,9133606.790226942,2026-04-23,0.3206527264447635,-7.133190283055719,-13.425272843088337
12,415796.8238107496,9133606.790226942,2026-05-05,0.36009869238557446,-7.607022902549614,-13.628385247114307
12,415796.8238107496,9133606.790226942,2026-05-17,0.29536872314876617,-6.222771419186137,-13.01763453014631
12,415796.8238107496,9133606.790226942,2026-05-29,0.33150530643170373,-6.931685861020892,-13.600691774598522
12,415796.8238107496,9133606.790226942,2026-06-10,0.329918342782643,-7.373977795561343,-14.087461156786711
13,415888.92017210444,9133509.126210177,2025-09-07,0.40991637394302227,-8.50036363088985,-14.351278899602564
13,415888.92017210444,9133509.126210177,2025-09-19,0.30399682892954094,-8.97684681923671,-14.496426502844916
13,415888.92017210444,9133509.126210177,2025-10-01,0.36960374901691184,-8.790199359225246,-14.10298668197927
13,415888.92017210444,9133509.126210177,2025-10-13,0.4188445740911155,-7.785980787072951,-13.207458841437319
13,415888.92017210444,9133509.126210177,2025-10-25,0.3851678097147508,-8.205453335879584,-13.356662934532457
13,415888.92017210444,9133509.126210177,2025-11-06,0.4448111763932723,-6.705609985743081,-11.96727981567568
13,415888.92017210444,9133509.126210177,2025-11-18,0.40636815628163153,-7.394458915819275,-12.766809917688084
13,415888.92017210444,9133509.126210177,2025-11-30,0.40319086403941495,-7.6210524160156465,-13.35658926634717
13,415888.92017210444,9133509.126210177,2025-12-12,0.3513849647940807,-9.015940976999206,-14.268573051376944
13,415888.92017210444,9133509.126210177,2025-12-24,0.34229526784360076,-9.032646111866182,-15.158310420632935
13,415888.92017210444,9133509.126210177,2026-01-05,0.309354505017123,-10.172572684604434,-15.505300795571685
13,415888.92017210444,9133509.126210177,2026-01-17,0.3579669129315049,-8.711819859002793,-14.55878825371683
13,415888.92017210444,9133509.126210177,2026-01-29,0.34924144203483587,-9.134970831350275,-14.110098723742913
13,415888.92017210444,9133509.126210177,2026-02-10,0.3174549606091556,-9.934179117096928,-14.850949972932417
13,415888.92017210444,9133509.126210177,2026-02-22,0.3110287509979674,-10.19429463357412,-14.685393143718409
13,415888.92017210444,9133509.126210177,2026-03-06,0.37084531552599664,-8.489060219821727,-13.935292794239563
13,415888.92017210444,9133509.126210177,2026-03-18,0.40026926657434975,-8.635097340251095,-13.870829732039367
13,415888.92017210444,9133509.126210177,2026-03-30,0.3030871523958277,-8.517135818536756,-13.896851995960576
13,415888.92017210444,9133509.126210177,2026-04-11,0.2630612398740785,-10.66433481286931,-15.44368848619198
13,415888.92017210444,9133509.126210177,2026-04-23,0.2870919888027031,-9.936999068840938,-15.852285850953823
13,415888.92017210444,9133509.126210177,2026-05-05,0.3706656161295281,-8.496016008193605,-15.211516994581922
13,415888.92017210444,9133509.126210177,2026-05-17,0.3843541658354094,-8.301707358225679,-14.592186926225637
13,415888.92017210444,9133509.126210177,2026-05-29,0.3676958344711358,-9.868091930038972,-14.577073581954279
13,415888.92017210444,9133509.126210177,2026-06-10,0.3083144718146585,-10.136698796268426,-15.151348469731058
14,415871.5772795819,9133471.688821081,2025-09-07,0.38804545617300423,-9.164636075185367,-14.554111318613062
14,415871.5772795819,9133471.688821081,2025-09-19,0.33644006058116127,-9.191353725027367,-14.368766407780633
14,415871.5772795819,9133471.688821081,2025-10-01,0.3813014513054811,-8.865873042857485,-14.1683241505262
14,415871.5772795819,9133471.688821081,2025-10-13,0.3948486205503226,-8.805300545831201,-13.92088414694661
14,415871.5772795819,9133471.688821081,2025-10-25,0.3900186270404371,-8.466393362121584,-13.429390841769283
14,415871.5772795819,9133471.688821081,2025-11-06,0.43552794881132495,-7.647412498903878,-12.343275778448003
14,415871.5772795819,9133471.688821081,2025-11-18,0.37540193588336995,-8.288664404832724,-13.033140806717718
14,415871.5772795819,9133471.688821081,2025-11-30,0.3998070031590421,-8.392152514796846,-13.646516304348166
14,415871.5772795819,9133471.688821081,2025-12-12,0.2833398655852633,-10.277921291075153,-15.496580084727528
14,415871.5772795819,9133471.688821081,2025-12-24,0.26394093768916,-10.610324877895579,-15.885700061710901
14,415871.5772795819,9133471.688821081,2026-01-05,0.2611593169572675,-10.463676318018097,-16.091320854797313
14,415871.5772795819,9133471.688821081,2026-01-17,0.33789087122031225,-9.412924200433848,-14.710812644925413
14,415871.5772795819,9133471.688821081,2026-01-29,0.31819938863663716,-9.670594688932905,-14.753095073507072
14,415871.5772795819,9133471.688821081,2026-02-10,0.31001603927255295,-9.764491323512337,-14.71234872528904
14,415871.5772795819,9133471.688821081,2026-02-22,0.2798954163097141,-10.111622339718043,-14.569112067548748
14,415871.5772795819,9133471.688821081,2026-03-06,0.3220669208109483,-9.567086743206147,-14.510821892503012
14,415871.5772795819,9133471.688821081,2026-03-18,0.342828710530641,-9.597466339777114,-14.174822475608307
14,415871.5772795819,9133471.688821081,2026-03-30,0.35024547495710917,-8.303899079818096,-13.18823232996617
14,415871.5772795819,9133471.688821081,2026-04-11,0.20606132060870103,-11.112774131661215,-15.803050073091214
14,415871.5772795819,9133471.688821081,2026-04-23,0.2484706447718774,-10.47039288855732,-15.641129685926131
14,415871.5772795819,9133471.688821081,2026-05-05,0.3167063751148681,-9.775501901367411,-15.360377417733247
14,415871.5772795819,9133471.688821081,2026-05-17,0.3770667169637879,-9.126457999379916,-14.870560662140674
14,415871.5772795819,9133471.688821081,2026-05-29,0.3702085640880551,-9.346120853510595,-14.49072001549664
14,415871.5772795819,9133471.688821081,2026-06-10,0.31269296153172293,-9.639084223189728,-14.30686881838773
15,415808.23859854246,9133382.448484626,2025-09-07,0.36646797825514293,-8.292781240786976,-13.56293284645936
15,415808.23859854246,9133382.448484626,2025-09-19,0.31197607469208577,-7.548237043601588,-13.090352751772812
15,415808.23859854246,9133382.448484626,2025-10-01,0.3078127581090715,-8.169669199598877,-14.175101061730654
15,415808.23859854246,9133382.448484626,2025-10-13,0.3728893089305873,-8.446696754297852,-13.010572590762315
15,415808.23859854246,9133382.448484626,2025-10-25,0.36429001508543307,-8.28594371589651,-12.515119711973078
15,415808.23859854246,9133382.448484626,2025-11-06,0.35596736762696674,-8.243231750170715,-12.762464383157585
15,415808.23859854246,9133382.448484626,2025-11-18,0.36535109359455054,-7.856387673637869,-12.129772594069568
15,415808.23859854246,9133382.448484626,2025-11-30,0.3751977804021525,-7.359946066359079,-12.551659825157984
15,415808.23859854246,9133382.448484626,2025-12-12,0.34173143340494005,-7.901991254971488,-12.900456306938533
15,415808.23859854246,9133382.448484626,2025-12-24,0.32329069398218774,-9.11693071700205,-14.84066282958078
15,415808.23859854246,9133382.448484626,2026-01-05,0.28765344130112097,-9.143749939624776,-15.524977190615527
15,415808.23859854246,9133382.448484626,2026-01-17,0.34746938520681614,-8.993322445940159,-13.858772018961302
15,415808.23859854246,9133382.448484626,2026-01-29,0.3333310009351232,-10.074689437125212,-15.505647462088055
15,415808.23859854246,9133382.448484626,2026-02-10,0.38097085244962575,-9.796525870730804,-13.534206572020713
15,415808.23859854246,9133382.448484626,2026-02-22,0.34414199056835526,-8.974219859973255,-13.955506321492525
15,415808.23859854246,9133382.448484626,2026-03-06,0.3351362491170929,-9.478389231609599,-14.808245735210468
15,415808.23859854246,9133382.448484626,2026-03-18,0.39160120147659383,-10.245217532244668,-14.613658556610682
15,415808.23859854246,9133382.448484626,2026-03-30,0.29105810442976127,-7.127577583750902,-13.318048065726266
15,415808.23859854246,9133382.448484626,2026-04-11,0.31469882508480473,-7.070897711101946,-12.322919907245346
15,415808.23859854246,9133382.448484626,2026-04-23,0.2968387437057227,-8.344263433797995,-13.741775907125708
15,415808.23859854246,9133382.448484626,2026-05-05,0.32713860460023964,-8.325337951375205,-13.563114342612401
15,415808.23859854246,9133382.448484626,2026-05-17,0.3187158151143008,-6.9153690875259475,-13.35097368759506
15,415808.23859854246,9133382.448484626,2026-05-29,0.3652361162190196,-8.443423875266644,-12.345813728226233
15,415808.23859854246,9133382.448484626,2026-06-10,0.3002669719237682,-7.308141355455559,-13.727675915230629
16,415752.9751366154,9133370.833984345,2025-09-07,0.3625792964214937,-8.581624758623285,-14.238551778019923
16,415752.9751366154,9133370.833984345,2025-09-19,0.3394740452071502,-8.663421634549012,-14.57960840598082
16,415752.9751366154,9133370.833984345,2025-10-01,0.3790119441449978,-9.62670364178545,-14.441614999379162
16,415752.9751366154,9133370.833984345,2025-10-13,0.37029333214175936,-8.558517316370143,-13.815138673987178
16,415752.9751366154,9133370.833984345,2025-10-25,0.32326576028121357,-7.298149634999524,-12.701864835276025
16,415752.9751366154,9133370.833984345,2025-11-06,0.35780096195253286,-8.185004401495476,-13.067268426644246
16,415752.9751366154,9133370.833984345,2025-11-18,0.34193939184713373,-7.182960152846421,-12.451088797152973
16,415752.9751366154,9133370.833984345,2025-11-30,0.2947976614774871,-6.59833472301509,-12.863971682767469
16,415752.9751366154,9133370.833984345,2025-12-12,0.34067315387341984,-8.180379886547787,-13.443968716281752
16,415752.9751366154,9133370.833984345,2025-12-24,0.37464056717861993,-10.558215022504942,-15.733424403241376
16,415752.9751366154,9133370.833984345,2026-01-05,0.30820563815692853,-9.851386046982213,-15.36760523866722
16,415752.9751366154,9133370.833984345,2026-01-17,0.3018473579478527,-8.852391210772476,-15.172809633007269
16,415752.9751366154,9133370.833984345,2026-01-29,0.30186087024691843,-8.09966450212761,-14.207546931842783
16,415752.9751366154,9133370.833984345,2026-02-10,0.38048770427494133,-9.510549606927459,-14.259742953683295
16,415752.9751366154,9133370.833984345,2026-02-22,0.38935145184536035,-10.116458653790607,-14.838477614758922
16,415752.9751366154,9133370.833984345,2026-03-06,0.3591840908519741,-9.108479517210029,-14.2202222934915
16,415752.9751366154,9133370.833984345,2026-03-18,0.41920832307605294,-10.753562685101059,-15.777103582026008
16,415752.9751366154,9133370.833984345,2026-03-30,0.277538180043446,-7.638579910559799,-13.583087882057413
16,415752.9751366154,9133370.833984345,2026-04-11,0.2767237189572541,-6.982520405422893,-12.488106645268735
16,415752.9751366154,9133370.833984345,2026-04-23,0.22606817205811797,-8.552354071085556,-15.321328033282436
16,415752.9751366154,9133370.833984345,2026-05-05,0.28861022327973007,-8.725126109171782,-15.176667946971415
16,415752.9751366154,9133370.833984345,2026-05-17,0.28733968249794156,-6.927257795024218,-13.839935763142842
16,415752.9751366154,9133370.833984345,2026-05-29,0.4028387775322538,-9.260025626409073,-13.959111728053307
16,415752.9751366154,9133370.833984345,2026-06-10,0.2787692886361136,-8.116964899822678,-14.745582381661231
17,415773.0947675342,9133406.736866722,2025-09-07,0.3662889763554561,-8.829826738635253,-14.311335492720431
17,415773.0947675342,9133406.736866722,2025-09-19,0.3315501699750971,-9.04078371586983,-14.907041539221439
17,415773.0947675342,9133406.736866722,2025-10-01,0.35054850615569544,-9.45201081675094,-14.123017615838688
17,415773.0947675342,9133406.736866722,2025-10-13,0.379886420172925,-9.000812593298232,-14.407593495134188
17,415773.0947675342,9133406.736866722,2025-10-25,0.34056781339023373,-8.511087138788689,-13.296971118864889
17,415773.0947675342,9133406.736866722,2025-11-06,0.3615369736867132,-8.532354789354278,-12.68663914979025
17,415773.0947675342,9133406.736866722,2025-11-18,0.31346563323359505,-7.078902078209831,-12.72346766261536
17,415773.0947675342,9133406.736866722,2025-11-30,0.2847009146665832,-7.381229490807645,-13.251554518859571
17,415773.0947675342,9133406.736866722,2025-12-12,0.29599763843990434,-7.914811574967025,-13.933198645167925
17,415773.0947675342,9133406.736866722,2025-12-24,0.3435373475936445,-9.741135646917511,-14.682436435285334
17,415773.0947675342,9133406.736866722,2026-01-05,0.2874305582378839,-9.490866347937635,-15.395283345637298
17,415773.0947675342,9133406.736866722,2026-01-17,0.32840669608642514,-9.54033186592671,-14.900365110712688
17,415773.0947675342,9133406.736866722,2026-01-29,0.3122067885351674,-9.40955348938952,-15.234715910606406
17,415773.0947675342,9133406.736866722,2026-02-10,0.32886644324371356,-9.369705806525591,-14.68174908370122
17,415773.0947675342,9133406.736866722,2026-02-22,0.3433406669769294,-9.505263682877866,-14.405459131673615
17,415773.0947675342,9133406.736866722,2026-03-06,0.33572933678353895,-9.398666252692879,-14.508386595479985
17,415773.0947675342,9133406.736866722,2026-03-18,0.40435973550407733,-10.402054488035185,-15.039399609984589
17,415773.0947675342,9133406.736866722,2026-03-30,0.28313452691316504,-8.87092721493005,-14.302040355066843
17,415773.0947675342,9133406.736866722,2026-04-11,0.2944416651171294,-8.150916090736345,-12.821564385901823
17,415773.0947675342,9133406.736866722,2026-04-23,0.2298176956909439,-8.888349200950188,-14.857236938791637
17,415773.0947675342,9133406.736866722,2026-05-05,0.2787743691168126,-9.544179670643889,-16.198408590329404
17,415773.0947675342,9133406.736866722,2026-05-17,0.31305212072014815,-7.78572786411371,-13.910714660397131
17,415773.0947675342,9133406.736866722,2026-05-29,0.3800032488021353,-7.961971234387369,-12.756288874830577
17,415773.0947675342,9133406.736866722,2026-06-10,0.3664414379253234,-10.384303491405513,-14.759435081369716
18,415786.0968833244,9133426.770096306,2025-09-07,0.36377664777960594,-9.225792514857549,-13.775804422335147
18,415786.0968833244,9133426.770096306,2025-09-19,0.30753947397458486,-9.001142170082494,-14.201031741045892
18,415786.0968833244,9133426.770096306,2025-10-01,0.33281466786228336,-8.667789473405433,-13.596651354725811
18,415786.0968833244,9133426.770096306,2025-10-13,0.369749519633602,-8.431544295464148,-13.437706203467446
18,415786.0968833244,9133426.770096306,2025-10-25,0.315050291323505,-8.173933815862062,-13.4195197479686
18,415786.0968833244,9133426.770096306,2025-11-06,0.3165684007026208,-7.308076693759248,-12.720189052275861
18,415786.0968833244,9133426.770096306,2025-11-18,0.28806951964203387,-6.720937693830164,-12.759784792881716
18,415786.0968833244,9133426.770096306,2025-11-30,0.24281296048303513,-6.257130811284176,-12.887389045588533
18,415786.0968833244,9133426.770096306,2025-12-12,0.3240424154021535,-8.635593299335492,-13.675729235137347
18,415786.0968833244,9133426.770096306,2025-12-24,0.27963956427418074,-8.720379416098236,-14.270935797125372
18,415786.0968833244,9133426.770096306,2026-01-05,0.2629752963905751,-9.421740783656853,-14.797469102767723
18,415786.0968833244,9133426.770096306,2026-01-17,0.2771999538430669,-8.600531313404215,-14.205675566414776
18,415786.0968833244,9133426.770096306,2026-01-29,0.3310158895323924,-10.129622614837341,-14.768240223705936
18,415786.0968833244,9133426.770096306,2026-02-10,0.34524737859317756,-9.54156779462648,-14.136167548212265
18,415786.0968833244,9133426.770096306,2026-02-22,0.38726524083950853,-9.814758480740887,-13.851006188323634
18,415786.0968833244,9133426.770096306,2026-03-06,0.3289923177583748,-9.49424265159035,-14.292404551072408
18,415786.0968833244,9133426.770096306,2026-03-18,0.45472763265145444,-11.49530855332016,-14.511574555467803
18,415786.0968833244,9133426.770096306,2026-03-30,0.23938503062661662,-7.240166856980617,-13.423433634820288
18,415786.0968833244,9133426.770096306,2026-04-11,0.25808387591243775,-7.792814698093652,-13.51371603085148
18,415786.0968833244,9133426.770096306,2026-04-23,0.19095259451267022,-7.8712380240147235,-14.361372900834406
18,415786.0968833244,9133426.770096306,2026-05-05,0.26618397458556053,-8.866037791957535,-14.594061805370348
18,415786.0968833244,9133426.770096306,2026-05-17,0.3119808821264314,-7.627772527682714,-13.35820130631774
18,415786.0968833244,9133426.770096306,2026-05-29,0.4102851849956416,-9.325099031854412,-13.294351130287872
18,415786.0968833244,9133426.770096306,2026-06-10,0.4320769140094392,-10.45890709547108,-13.824464007488803
19,415808.3047490244,9133460.639262948,2025-09-07,0.37497998150790135,-7.88477577845492,-13.372392888979174
19,415808.3047490244,9133460.639262948,2025-09-19,0.3061036302393362,-7.13068431078175,-13.018291174256099
19,415808.3047490244,9133460.639262948,2025-10-01,0.3372726246412203,-7.680253601308686,-12.904698882316271
19,415808.3047490244,9133460.639262948,2025-10-13,0.3877142021971079,-8.591377338395429,-13.428149263873529
19,415808.3047490244,9133460.639262948,2025-10-25,0.3172984067045847,-6.778092552593211,-12.293368394308366
19,415808.3047490244,9133460.639262948,2025-11-06,0.3657581310133256,-7.079523344906027,-11.812820875708404
19,415808.3047490244,9133460.639262948,2025-11-18,0.3391925829147306,-6.964109808329592,-12.174197906340646
19,415808.3047490244,9133460.639262948,2025-11-30,0.32139287311886405,-7.156502275815975,-12.619992603755321
19,415808.3047490244,9133460.639262948,2025-12-12,0.3390283992681473,-7.410875794394538,-12.59564342845773
19,415808.3047490244,9133460.639262948,2025-12-24,0.32356334620581334,-10.083680328925698,-15.63007942456553
19,415808.3047490244,9133460.639262948,2026-01-05,0.267560883973515,-10.394690364919034,-16.31750528632918
19,415808.3047490244,9133460.639262948,2026-01-17,0.293729603491754,-8.866934817528348,-14.85301362139433
19,415808.3047490244,9133460.639262948,2026-01-29,0.29794242901654416,-8.275148739832328,-14.168233023675487
19,415808.3047490244,9133460.639262948,2026-02-10,0.3702339290513531,-8.66957005928005,-13.393874448639586
19,415808.3047490244,9133460.639262948,2026-02-22,0.40818523599155504,-9.036141405022903,-13.15332058343776
19,415808.3047490244,9133460.639262948,2026-03-06,0.3978239875426953,-9.907826311136658,-14.230092130547348
19,415808.3047490244,9133460.639262948,2026-03-18,0.44270399866122256,-9.825154505385527,-13.903300440749623
19,415808.3047490244,9133460.639262948,2026-03-30,0.26051412461415513,-6.334536087830142,-12.419484685242626
19,415808.3047490244,9133460.639262948,2026-04-11,0.2951285097066379,-6.969174006077603,-12.253442494280026
19,415808.3047490244,9133460.639262948,2026-04-23,0.21313297603882436,-7.545984715763402,-14.334450348447673
19,415808.3047490244,9133460.639262948,2026-05-05,0.28187535159275645,-8.830169096567035,-14.92435449810874
19,415808.3047490244,9133460.639262948,2026-05-17,0.29606581754398065,-7.731460810795525,-14.257270367185114
19,415808.3047490244,9133460.639262948,2026-05-29,0.3589160895446448,-8.020477409700126,-13.465392240275316
19,415808.3047490244,9133460.639262948,2026-06-10,0.3852223852585114,-8.488883211008769,-12.96023689477941
20,415808.70109873055,9133502.391487842,2025-09-07,0.36550410169323067,-8.477821426906244,-13.500144804577346
20,415808.70109873055,9133502.391487842,2025-09-19,0.3149951525675397,-9.008248835133404,-14.413301690358391
20,415808.70109873055,9133502.391487842,2025-10-01,0.3184354557493862,-8.351138210846404,-13.743978115778521
20,415808.70109873055,9133502.391487842,2025-10-13,0.3317852845188612,-8.14431666585832,-13.870203858572548
20,415808.70109873055,9133502.391487842,2025-10-25,0.33022518653551924,-7.242543884933303,-12.606066564340844
20,415808.70109873055,9133502.391487842,2025-11-06,0.3618487282835827,-7.06052089291948,-11.769969318403133
20,415808.70109873055,9133502.391487842,2025-11-18,0.3485884720058229,-6.795728756772588,-11.719071167465495
20,415808.70109873055,9133502.391487842,2025-11-30,0.3634256599593511,-7.41841593167194,-12.019602773632798
20,415808.70109873055,9133502.391487842,2025-12-12,0.33074217486588753,-7.575739916916017,-12.859272909000218
20,415808.70109873055,9133502.391487842,2025-12-24,0.32444374780180313,-11.198429703444976,-15.87294428623995
20,415808.70109873055,9133502.391487842,2026-01-05,0.23293135982552,-10.874813119778917,-17.179329763034783
20,415808.70109873055,9133502.391487842,2026-01-17,0.2837165604620495,-9.268846318217957,-15.231804346098702
20,415808.70109873055,9133502.391487842,2026-01-29,0.31387870492645986,-9.097222493638434,-14.435922894998324
20,415808.70109873055,9133502.391487842,2026-02-10,0.31956546705382105,-8.961549001342188,-14.203848992211338
20,415808.70109873055,9133502.391487842,2026-02-22,0.3513760767198882,-9.418721885236875,-13.871095959890992
20,415808.70109873055,9133502.391487842,2026-03-06,0.3613800688028433,-10.194376066506193,-14.268077048319174
20,415808.70109873055,9133502.391487842,2026-03-18,0.4132774386177124,-10.168018717908572,-13.866001584282289
20,415808.70109873055,9133502.391487842,2026-03-30,0.29238280761765845,-7.979872338679348,-13.086348566123565
20,415808.70109873055,9133502.391487842,2026-04-11,0.280369547739489,-7.033176753941625,-12.750461602908583
20,415808.70109873055,9133502.391487842,2026-04-23,0.22881642174553732,-9.201041646267264,-15.71106550590723
20,415808.70109873055,9133502.391487842,2026-05-05,0.25729084826680304,-9.390237642626182,-15.906093552352202
20,415808.70109873055,9133502.391487842,2026-05-17,0.29303802742078955,-7.0993831301157755,-14.058288923941687
20,415808.70109873055,9133502.391487842,2026-05-29,0.33593757078036046,-8.73117758885068,-14.487113540905131
20,415808.70109873055,9133502.391487842,2026-06-10,0.36164583351175195,-10.06287613711743,-14.157871664267914
21,415805.76282324025,9133536.276680754,2025-09-07,0.36046308449435543,-9.279511668689953,-14.590699111781854
21,415805.76282324025,9133536.276680754,2025-09-19,0.31346571533428036,-8.800971442191878,-14.615306306853935
21,415805.76282324025,9133536.276680754,2025-10-01,0.3266299289592572,-8.244056902528689,-13.461627422484757
21,415805.76282324025,9133536.276680754,2025-10-13,0.36254255398158514,-8.791817945189749,-13.735097088954161
21,415805.76282324025,9133536.276680754,2025-10-25,0.2903004313241486,-7.224214588112077,-13.286176041606057
21,415805.76282324025,9133536.276680754,2025-11-06,0.30996512128990983,-7.285585724412577,-12.736483719441777
21,415805.76282324025,9133536.276680754,2025-11-18,0.33483518998033024,-7.670184971029528,-12.700777042216707
21,415805.76282324025,9133536.276680754,2025-11-30,0.2977208401372702,-7.83111242452764,-13.84571313143518
21,415805.76282324025,9133536.276680754,2025-12-12,0.3205099170240641,-7.526857157771396,-12.715484674587431
21,415805.76282324025,9133536.276680754,2025-12-24,0.38230282635884394,-12.098063505675086,-16.740792647149597
21,415805.76282324025,9133536.276680754,2026-01-05,0.30226443844782735,-11.182644207712258,-16.586085015835394
21,415805.76282324025,9133536.276680754,2026-01-17,0.34159541532364174,-10.145319649445858,-15.47995228564651
21,415805.76282324025,9133536.276680754,2026-01-29,0.30588222737489196,-7.985144341603092,-13.78648924069623
21,415805.76282324025,9133536.276680754,2026-02-10,0.3488809524912078,-9.582916055960323,-14.50749492749994
21,415805.76282324025,9133536.276680754,2026-02-22,0.3709915222434852,-9.839174213606414,-14.135460546475354
21,415805.76282324025,9133536.276680754,2026-03-06,0.3765281519821589,-9.830986480578272,-13.947233336925066
21,415805.76282324025,9133536.276680754,2026-03-18,0.4188199179488462,-10.24601887716626,-14.21955820741461
21,415805.76282324025,9133536.276680754,2026-03-30,0.33113104990788145,-8.3065113102799,-12.446475132494562
21,415805.76282324025,9133536.276680754,2026-04-11,0.28841082096036647,-6.491160840852775,-11.810769608580053
21,415805.76282324025,9133536.276680754,2026-04-23,0.251983374261656,-7.963340790336945,-14.752114246669002
21,415805.76282324025,9133536.276680754,2026-05-05,0.3261686965257771,-10.142539484151493,-15.970783192240686
21,415805.76282324025,9133536.276680754,2026-05-17,0.26235920219264125,-7.239069601120237,-14.580125000738953
21,415805.76282324025,9133536.276680754,2026-05-29,0.35639035098721433,-9.848908182976714,-15.28539921085469
21,415805.76282324025,9133536.276680754,2026-06-10,0.3088032832158019,-8.718098164074428,-14.655869332660592
22,415784.5109959243,9133550.124215126,2025-09-07,0.3252791545468075,-9.542813512505779,-15.465620028411017
22,415784.5109959243,9133550.124215126,2025-09-19,0.32309110240254885,-9.026505240072034,-14.619335371623729
22,415784.5109959243,9133550.124215126,2025-10-01,0.3286206094317863,-9.320198030303155,-14.611451330515406
22,415784.5109959243,9133550.124215126,2025-10-13,0.3521665685899928,-8.98678411173046,-13.747097873453507
22,415784.5109959243,9133550.124215126,2025-10-25,0.3610091696127205,-7.794030281725272,-12.365453915214324
22,415784.5109959243,9133550.124215126,2025-11-06,0.3259630977983053,-7.951487273181844,-13.17406172895588
22,415784.5109959243,9133550.124215126,2025-11-18,0.35659039833789746,-7.45749511466663,-11.936738851970246
22,415784.5109959243,9133550.124215126,2025-11-30,0.33427070544010423,-7.896556964713057,-12.96327191826831
22,415784.5109959243,9133550.124215126,2025-12-12,0.3315173705079552,-7.051374553763912,-12.09591947506484
22,415784.5109959243,9133550.124215126,2025-12-24,0.3342563349604359,-9.750183286906278,-14.9756573576636
22,415784.5109959243,9133550.124215126,2026-01-05,0.21044511536952598,-10.79249476979757,-17.424595326807445
22,415784.5109959243,9133550.124215126,2026-01-17,0.27402673171895503,-9.966369532084991,-16.306247708215217
22,415784.5109959243,9133550.124215126,2026-01-29,0.2698535183151936,-7.5348872797293485,-13.742791675898575
22,415784.5109959243,9133550.124215126,2026-02-10,0.3675974254015134,-9.162359478895592,-13.730906755366805
22,415784.5109959243,9133550.124215126,2026-02-22,0.39412510315835453,-10.548057260929502,-14.752401928216084
22,415784.5109959243,9133550.124215126,2026-03-06,0.3968503677061703,-9.183699297079965,-13.221794058788086
22,415784.5109959243,9133550.124215126,2026-03-18,0.4460845447859523,-9.920996772300105,-14.268754225480805
22,415784.5109959243,9133550.124215126,2026-03-30,0.32829981695096844,-8.193523046790387,-13.176695078506901
22,415784.5109959243,9133550.124215126,2026-04-11,0.3220998602585307,-7.303114449241103,-12.437657872996878
22,415784.5109959243,9133550.124215126,2026-04-23,0.29095798998554606,-7.5100035646265475,-12.5757872150803
22,415784.5109959243,9133550.124215126,2026-05-05,0.2925279791750886,-9.517501806251076,-15.48235592817704
22,415784.5109959243,9133550.124215126,2026-05-17,0.24093187852370046,-8.202863099810594,-15.040346850404505
22,415784.5109959243,9133550.124215126,2026-05-29,0.344729499976907,-7.983764694838393,-13.682118530159867
22,415784.5109959243,9133550.124215126,2026-06-10,0.34544161620403885,-8.990922563376019,-13.947950894821984
23,415793.22390361695,9133570.249001598,2025-09-07,0.3586206758908161,-9.156600228694534,-14.195545185439588
23,415793.22390361695,9133570.249001598,2025-09-19,0.3709436131755589,-8.97619246818305,-13.717228023614533
23,415793.22390361695,9133570.249001598,2025-10-01,0.3503791710998945,-9.380315816158369,-14.547246914742702
23,415793.22390361695,9133570.249001598,2025-10-13,0.3584348287050075,-8.872004803863756,-13.888529436059024
23,415793.22390361695,9133570.249001598,2025-10-25,0.3616288356033462,-7.231631951781624,-12.245359451208875
23,415793.22390361695,9133570.249001598,2025-11-06,0.3786751059528054,-7.4404259667386015,-12.078614247225907
23,415793.22390361695,9133570.249001598,2025-11-18,0.3482803788957277,-6.573458810476603,-12.130656580528463
23,415793.22390361695,9133570.249001598,2025-11-30,0.3233308506882064,-7.264832893754134,-13.101497956924572
23,415793.22390361695,9133570.249001598,2025-12-12,0.36690204797232195,-7.155959430444365,-12.059320198932195
23,415793.22390361695,9133570.249001598,2025-12-24,0.3503200694306037,-8.83279223251979,-14.023656380229559
23,415793.22390361695,9133570.249001598,2026-01-05,0.2716260641340098,-10.057791584486077,-16.149172878243817
23,415793.22390361695,9133570.249001598,2026-01-17,0.2769899936375887,-10.136989403417877,-16.852204729422326
23,415793.22390361695,9133570.249001598,2026-01-29,0.2805678428236406,-6.370771944943204,-13.164855711095054
23,415793.22390361695,9133570.249001598,2026-02-10,0.3594772504459425,-8.393351557250549,-13.405307569153711
23,415793.22390361695,9133570.249001598,2026-02-22,0.369038527914625,-9.819917780196795,-14.567037466418864
23,415793.22390361695,9133570.249001598,2026-03-06,0.4080876555101224,-9.942590183896742,-13.844153701997381
23,415793.22390361695,9133570.249001598,2026-03-18,0.4752452798606101,-10.687859018302195,-13.905806789890681
23,415793.22390361695,9133570.249001598,2026-03-30,0.35840262302570075,-8.114732329314723,-12.86597701670554
23,415793.22390361695,9133570.249001598,2026-04-11,0.34346017716918803,-6.831576162312774,-12.099885610240037
23,415793.22390361695,9133570.249001598,2026-04-23,0.3451286645551927,-7.1435498011166105,-11.994810737771221
23,415793.22390361695,9133570.249001598,2026-05-05,0.3448463377787584,-9.225720308307976,-14.518136482184865
23,415793.22390361695,9133570.249001598,2026-05-17,0.25670501879175484,-6.703411195190927,-14.219150827963983
23,415793.22390361695,9133570.249001598,2026-05-29,0.330569138891217,-7.582775898531975,-13.806659606051646
23,415793.22390361695,9133570.249001598,2026-06-10,0.3314006061529818,-9.24826850729073,-14.82915243286616
24,415740.1923666874,9133612.588492846,2025-09-07,0.3285606950177628,-7.937905559535686,-13.496068952061552
24,415740.1923666874,9133612.588492846,2025-09-19,0.2926819756126551,-7.833391518381362,-13.972883955402276
24,415740.1923666874,9133612.588492846,2025-10-01,0.3315852407634381,-8.844149839886027,-14.654916466952129
24,415740.1923666874,9133612.588492846,2025-10-13,0.26446173676482304,-8.510028610930105,-14.328362001082525
24,415740.1923666874,9133612.588492846,2025-10-25,0.2817565673494331,-6.767468208098958,-12.823297290016823
24,415740.1923666874,9133612.588492846,2025-11-06,0.361355128918465,-7.839673509403593,-12.734299492000282
24,415740.1923666874,9133612.588492846,2025-11-18,0.3711452919066626,-7.352460299633988,-12.534594619830477
24,415740.1923666874,9133612.588492846,2025-11-30,0.23553211928071238,-6.968101172523478,-13.980515431571172
24,415740.1923666874,9133612.588492846,2025-12-12,0.34273083470369364,-7.861305109041867,-13.12105105165399
24,415740.1923666874,9133612.588492846,2025-12-24,0.3695043411521727,-7.93654501779571,-12.707865800515565
24,415740.1923666874,9133612.588492846,2026-01-05,0.23700286495716344,-8.652110197021909,-15.223915747715374
24,415740.1923666874,9133612.588492846,2026-01-17,0.32017336950776204,-10.375416935538789,-16.930337678093867
24,415740.1923666874,9133612.588492846,2026-01-29,0.21104540543514874,-7.146888672922428,-14.69089708735069
24,415740.1923666874,9133612.588492846,2026-02-10,0.2871249349081374,-7.781529005477829,-14.081908649604747
24,415740.1923666874,9133612.588492846,2026-02-22,0.400666093087512,-9.705811843722902,-14.485199764841788
24,415740.1923666874,9133612.588492846,2026-03-06,0.4497997402606098,-10.304378217361648,-14.345300746233914
24,415740.1923666874,9133612.588492846,2026-03-18,0.502465912648785,-11.04062657288948,-15.231292599721245
24,415740.1923666874,9133612.588492846,2026-03-30,0.3770456194816766,-9.538719353255741,-13.785246550367496
24,415740.1923666874,9133612.588492846,2026-04-11,0.3858687023015964,-8.596622123457191,-13.195412974206896
24,415740.1923666874,9133612.588492846,2026-04-23,0.2859670371007678,-7.3192640713506725,-13.674460304252747
24,415740.1923666874,9133612.588492846,2026-05-05,0.33343630960856446,-7.659743884516086,-13.028900770782052
24,415740.1923666874,9133612.588492846,2026-05-17,0.34058496543354355,-8.684201651431652,-14.264999769966009
24,415740.1923666874,9133612.588492846,2026-05-29,0.3821558228065474,-9.915651035990566,-15.436810985455258
24,415740.1923666874,9133612.588492846,2026-06-10,0.28406831003724475,-8.276633142738376,-14.805459025662039
25,415782.3334241352,9133588.837394685,2025-09-07,0.3697547418748048,-9.429642310490008,-14.379357595679098
25,415782.3334241352,9133588.837394685,2025-09-19,0.36628122366301663,-8.488538589350055,-13.632706634851175
25,415782.3334241352,9133588.837394685,2025-10-01,0.36174217088494465,-9.027064303965876,-14.359911571736507
25,415782.3334241352,9133588.837394685,2025-10-13,0.3499881981478428,-8.598511271007604,-13.727115648413196
25,415782.3334241352,9133588.837394685,2025-10-25,0.32998529584934544,-7.020068697469892,-13.094221635877558
25,415782.3334241352,9133588.837394685,2025-11-06,0.35309183423995394,-7.610393231965566,-13.05797407595104
25,415782.3334241352,9133588.837394685,2025-11-18,0.3639697341243715,-7.456668762611706,-13.02488996015568
25,415782.3334241352,9133588.837394685,2025-11-30,0.3363413555031544,-7.808706266758633,-13.773269508500785
25,415782.3334241352,9133588.837394685,2025-12-12,0.37225579637694467,-8.792564255910023,-13.789894473910838
25,415782.3334241352,9133588.837394685,2025-12-24,0.3576185892982671,-8.598625937848789,-14.010909769166286
25,415782.3334241352,9133588.837394685,2026-01-05,0.32861503704742445,-9.454214707831198,-15.14854874480242
25,415782.3334241352,9133588.837394685,2026-01-17,0.3808225978862621,-10.920228315569354,-15.876562350989891
25,415782.3334241352,9133588.837394685,2026-01-29,0.28673198724032245,-6.008076737588422,-13.264439810914125
25,415782.3334241352,9133588.837394685,2026-02-10,0.36546789329122226,-8.585129726472838,-13.76311583137157
25,415782.3334241352,9133588.837394685,2026-02-22,0.3975956657425047,-10.083115437901455,-14.457773866201235
25,415782.3334241352,9133588.837394685,2026-03-06,0.4050970616050061,-10.642302118488711,-14.850384116687518
25,415782.3334241352,9133588.837394685,2026-03-18,0.4841610728097622,-11.220702966185257,-14.196935348212104
25,415782.3334241352,9133588.837394685,2026-03-30,0.37665002416383514,-9.129590835024292,-13.602080597044877
25,415782.3334241352,9133588.837394685,2026-04-11,0.35074538386950577,-7.0720559555752,-12.686608380776423
25,415782.3334241352,9133588.837394685,2026-04-23,0.331599343177568,-7.211123490027569,-12.804608664268343
25,415782.3334241352,9133588.837394685,2026-05-05,0.3705280698461877,-9.105854539868908,-14.18585786880482
25,415782.3334241352,9133588.837394685,2026-05-17,0.2876850975659051,-5.583714636681945,-12.845870744331254
25,415782.3334241352,9133588.837394685,2026-05-29,0.31778009099605947,-6.848406744265347,-13.983519400208845
25,415782.3334241352,9133588.837394685,2026-06-10,0.36355815013913234,-9.375559978833905,-14.689441656348055
26,415755.825133002,9133533.722648706,2025-09-07,0.23594958842872846,-10.347022496163813,-17.53862848498552
26,415755.825133002,9133533.722648706,2025-09-19,0.29741596468484943,-8.951501649219985,-13.995109483533788
26,415755.825133002,9133533.722648706,2025-10-01,0.2956395416381932,-8.76914779131472,-13.768928546618683
26,415755.825133002,9133533.722648706,2025-10-13,0.3194359277747524,-8.843297972396273,-12.308550158823639
26,415755.825133002,9133533.722648706,2025-10-25,0.3233304629145316,-7.805056197716284,-12.08739490714232
26,415755.825133002,9133533.722648706,2025-11-06,0.28974942433616974,-8.16873374837941,-13.465251998870261
26,415755.825133002,9133533.722648706,2025-11-18,0.31713216771490454,-7.995235242511516,-12.411009898448164
26,415755.825133002,9133533.722648706,2025-11-30,0.31638308744339566,-7.344810034827387,-11.932784091869223
26,415755.825133002,9133533.722648706,2025-12-12,0.3097034026452852,-7.273768024840884,-12.089131256271575
26,415755.825133002,9133533.722648706,2025-12-24,0.2884872461527938,-9.348034988299204,-14.474097881896437
26,415755.825133002,9133533.722648706,2026-01-05,0.19388469045560097,-11.356877870224062,-18.06520501437513
26,415755.825133002,9133533.722648706,2026-01-17,0.2518463912618802,-9.791299450925372,-16.01563972284199
26,415755.825133002,9133533.722648706,2026-01-29,0.2496271166363269,-8.217247274673454,-14.794568092181292
26,415755.825133002,9133533.722648706,2026-02-10,0.31604515316872694,-10.09298479705518,-14.200070400108583
26,415755.825133002,9133533.722648706,2026-02-22,0.30898253276920723,-10.81636860516218,-15.02099856174811
26,415755.825133002,9133533.722648706,2026-03-06,0.293663635437303,-9.417878772545937,-14.3650810915085
26,415755.825133002,9133533.722648706,2026-03-18,0.3742305732848704,-10.021949980941423,-13.93061112886088
26,415755.825133002,9133533.722648706,2026-03-30,0.30889052261739286,-8.628088117995185,-13.017509544167158
26,415755.825133002,9133533.722648706,2026-04-11,0.29050619406094724,-7.38040150565194,-12.703999096791051
26,415755.825133002,9133533.722648706,2026-04-23,0.2562015515619006,-8.04175860325222,-13.453857748343419
26,415755.825133002,9133533.722648706,2026-05-05,0.2662133520111832,-10.312729519222255,-15.982029739633369
26,415755.825133002,9133533.722648706,2026-05-17,0.2441741650953128,-6.285512726654543,-13.416652211639484
26,415755.825133002,9133533.722648706,2026-05-29,0.3181838887861625,-8.548381990823913,-13.93625977084123
26,415755.825133002,9133533.722648706,2026-06-10,0.3017454771899155,-9.298840345973396,-14.007602178361513
27,415762.2424355617,9133465.476034557,2025-09-07,0.36085185432697275,-8.563972380026891,-14.406368390164165
27,415762.2424355617,9133465.476034557,2025-09-19,0.3291364160372233,-8.101932718564585,-14.575194710313053
27,415762.2424355617,9133465.476034557,2025-10-01,0.33065096844714753,-9.579473979027556,-14.731878088657684
27,415762.2424355617,9133465.476034557,2025-10-13,0.35322960790019287,-9.116071593974107,-14.162125900791173
27,415762.2424355617,9133465.476034557,2025-10-25,0.33414859589087736,-7.6767746674888855,-13.165827095600648
27,415762.2424355617,9133465.476034557,2025-11-06,0.338921822965617,-7.978546125209283,-13.289336743891287
27,415762.2424355617,9133465.476034557,2025-11-18,0.32181797431737524,-6.536163241284324,-12.482244545283926
27,415762.2424355617,9133465.476034557,2025-11-30,0.34619848786974616,-7.326921659283063,-12.610539088696466
27,415762.2424355617,9133465.476034557,2025-12-12,0.3366214165435161,-6.442259810518855,-12.144968516321674
27,415762.2424355617,9133465.476034557,2025-12-24,0.3386819564642455,-10.85323454840586,-15.537174977180554
27,415762.2424355617,9133465.476034557,2026-01-05,0.21401856172023337,-10.921834378083016,-17.79645279449578
27,415762.2424355617,9133465.476034557,2026-01-17,0.28556709914528366,-10.521431781437963,-16.523201024598976
27,415762.2424355617,9133465.476034557,2026-01-29,0.3022701326112943,-7.890817384365679,-14.079897724069076
27,415762.2424355617,9133465.476034557,2026-02-10,0.3145925256003295,-9.752517926856278,-15.243203968830663
27,415762.2424355617,9133465.476034557,2026-02-22,0.33700982822315845,-10.218007788082733,-15.080895908448344
27,415762.2424355617,9133465.476034557,2026-03-06,0.3900600785730983,-10.898703113809669,-14.368515338873307
27,415762.2424355617,9133465.476034557,2026-03-18,0.4217202569187284,-11.558354752148324,-15.007977955121756
27,415762.2424355617,9133465.476034557,2026-03-30,0.3223343429238475,-9.158445300758935,-13.672924817019076
27,415762.2424355617,9133465.476034557,2026-04-11,0.2911886922230518,-7.164633355708592,-12.8986883045385
27,415762.2424355617,9133465.476034557,2026-04-23,0.2368282563422412,-8.496222245561414,-14.959853943336835
27,415762.2424355617,9133465.476034557,2026-05-05,0.28087793598062294,-10.172591983056265,-16.445657088323337
27,415762.2424355617,9133465.476034557,2026-05-17,0.31102583687010815,-7.756263539377352,-14.291756461528864
27,415762.2424355617,9133465.476034557,2026-05-29,0.35885271420031983,-8.247863803218623,-13.61167594086023
27,415762.2424355617,9133465.476034557,2026-06-10,0.35169068754569766,-9.65702509923183,-14.29926900976346
28,415761.8232892852,9133523.249034608,2025-09-07,0.250125819681058,-10.21122810514245,-16.693807250013304
28,415761.8232892852,9133523.249034608,2025-09-19,0.28610646118679967,-8.89534411969286,-14.29492151883363
28,415761.8232892852,9133523.249034608,2025-10-01,0.28934819535700834,-8.65644747828355,-13.971287570688505
28,415761.8232892852,9133523.249034608,2025-10-13,0.32023418759176664,-8.591599512960816,-12.671930026218831
28,415761.8232892852,9133523.249034608,2025-10-25,0.31823830179224966,-7.663649662577666,-12.329081068279672
28,415761.8232892852,9133523.249034608,2025-11-06,0.3112888287691278,-7.606930366106885,-12.4953356995788
28,415761.8232892852,9133523.249034608,2025-11-18,0.3221772680034037,-7.625868278353547,-12.162793590569326
28,415761.8232892852,9133523.249034608,2025-11-30,0.30062948118829946,-7.2280564134104495,-12.524399991579042
28,415761.8232892852,9133523.249034608,2025-12-12,0.3294351500442579,-7.0913515555058355,-11.54745385789779
28,415761.8232892852,9133523.249034608,2025-12-24,0.2881884752755212,-9.709786542907413,-14.821755346912575
28,415761.8232892852,9133523.249034608,2026-01-05,0.20900420691585753,-11.038330668826152,-17.512698812228162
28,415761.8232892852,9133523.249034608,2026-01-17,0.2543460548802524,-9.867626330892843,-15.967380282457457
28,415761.8232892852,9133523.249034608,2026-01-29,0.2595292665881024,-8.745615173935962,-14.942077237202831
28,415761.8232892852,9133523.249034608,2026-02-10,0.29669502867646474,-9.886830363619085,-14.701556497517725
28,415761.8232892852,9133523.249034608,2026-02-22,0.2891860523349125,-9.720122703227753,-14.799588579550473
28,415761.8232892852,9133523.249034608,2026-03-06,0.3052834149713141,-9.532160734504298,-14.167280246025225
28,415761.8232892852,9133523.249034608,2026-03-18,0.36439238961630627,-9.570932802911514,-13.614583129927304
28,415761.8232892852,9133523.249034608,2026-03-30,0.3062626861586606,-7.709318625246297,-12.28929959696778
28,415761.8232892852,9133523.249034608,2026-04-11,0.2933385029286297,-7.046855709824865,-12.032918505400076
28,415761.8232892852,9133523.249034608,2026-04-23,0.24371300952925307,-8.947225156724071,-14.698484948428614
28,415761.8232892852,9133523.249034608,2026-05-05,0.24503116181665466,-10.312891909528481,-16.5937579907253
28,415761.8232892852,9133523.249034608,2026-05-17,0.25703786280821384,-7.118619850371224,-14.262745293110093
28,415761.8232892852,9133523.249034608,2026-05-29,0.3252733499882279,-9.137853094237148,-14.167926914473801
28,415761.8232892852,9133523.249034608,2026-06-10,0.28178782194111685,-8.997963089973034,-14.464292776679912
29,415739.65137325163,9133539.501241423,2025-09-07,0.21888306813970393,-9.741752798001713,-17.379787131885745
29,415739.65137325163,9133539.501241423,2025-09-19,0.3220818144478342,-8.569166467722535,-13.080319061713926
29,415739.65137325163,9133539.501241423,2025-10-01,0.3318676307807359,-8.895075462845005,-13.110309616708955
29,415739.65137325163,9133539.501241423,2025-10-13,0.32698784972540107,-9.640809723880638,-13.075023184400177
29,415739.65137325163,9133539.501241423,2025-10-25,0.3096042879860135,-7.6369946800494155,-12.559996805406271
29,415739.65137325163,9133539.501241423,2025-11-06,0.28598514957216725,-8.761983181648784,-14.20310010214701
29,415739.65137325163,9133539.501241423,2025-11-18,0.29793057902513775,-7.794963972155921,-13.24087775793091
29,415739.65137325163,9133539.501241423,2025-11-30,0.3939951155459206,-8.147279025236024,-10.790414160590911
29,415739.65137325163,9133539.501241423,2025-12-12,0.27937401519791283,-7.375559766610813,-13.122691956691378
29,415739.65137325163,9133539.501241423,2025-12-24,0.2933103688226944,-8.79995945257247,-14.043779087912535
29,415739.65137325163,9133539.501241423,2026-01-05,0.15821035714478995,-10.546849997764843,-18.719917741206718
29,415739.65137325163,9133539.501241423,2026-01-17,0.20534074503019448,-9.022683370209718,-16.571642441382032
29,415739.65137325163,9133539.501241423,2026-01-29,0.22236971754086876,-8.253494326166543,-15.424936397718472
29,415739.65137325163,9133539.501241423,2026-02-10,0.2516787247011537,-8.73438819868806,-15.085294653728864
29,415739.65137325163,9133539.501241423,2026-02-22,0.3283219249619814,-11.944785101607136,-15.965191899817883
29,415739.65137325163,9133539.501241423,2026-03-06,0.28080365811617186,-9.37036705636456,-14.890930068159081
29,415739.65137325163,9133539.501241423,2026-03-18,0.4321883073494864,-11.89854818417098,-14.049125060184892
29,415739.65137325163,9133539.501241423,2026-03-30,0.3114686127068551,-9.413628827644484,-13.820930123710513
29,415739.65137325163,9133539.501241423,2026-04-11,0.2826375231177778,-7.33154959195206,-13.059719389969851
29,415739.65137325163,9133539.501241423,2026-04-23,0.23993628560120794,-6.793938332748472,-13.155542792859238
29,415739.65137325163,9133539.501241423,2026-05-05,0.31513126258008695,-10.090226866668056,-14.634932633429994
29,415739.65137325163,9133539.501241423,2026-05-17,0.22856525652276782,-5.099868247077813,-12.661261621430056
29,415739.65137325163,9133539.501241423,2026-05-29,0.29987609663095777,-7.392503032416874,-13.192505536785967
29,415739.65137325163,9133539.501241423,2026-06-10,0.3694946025654876,-9.843120068657946,-12.973657895501796
30,415789.7569821614,9133519.81311671,2025-09-07,0.3223263493159193,-8.982469927735643,-14.539897501561788
30,415789.7569821614,9133519.81311671,2025-09-19,0.3046305496029722,-8.845301604323694,-14.51937652270696
30,415789.7569821614,9133519.81311671,2025-10-01,0.329008969730772,-8.474049645909375,-13.707984986429324
30,415789.7569821614,9133519.81311671,2025-10-13,0.3349746636486667,-8.54081758965534,-13.664037071222129
30,415789.7569821614,9133519.81311671,2025-10-25,0.3347677958310575,-7.397708629326033,-12.76435844451974
30,415789.7569821614,9133519.81311671,2025-11-06,0.3424636105315212,-6.826399147215783,-12.142263399195619
30,415789.7569821614,9133519.81311671,2025-11-18,0.34419384532044306,-7.335441339680186,-12.4637866394704
30,415789.7569821614,9133519.81311671,2025-11-30,0.3463494602802235,-7.660797700653523,-12.916648586481351
30,415789.7569821614,9133519.81311671,2025-12-12,0.3468145850739123,-7.683047052689632,-12.659812557699414
30,415789.7569821614,9133519.81311671,2025-12-24,0.33082499708639995,-10.629811202133094,-15.249071501867821
30,415789.7569821614,9133519.81311671,2026-01-05,0.25067582328712246,-10.634248143605559,-16.79388754483126
30,415789.7569821614,9133519.81311671,2026-01-17,0.2755628754095392,-9.736897829300004,-16.03520941780153
30,415789.7569821614,9133519.81311671,2026-01-29,0.31373862479640335,-8.531807969959205,-14.149590847301704
30,415789.7569821614,9133519.81311671,2026-02-10,0.3196908474499135,-9.380072406985672,-14.619118542122727
30,415789.7569821614,9133519.81311671,2026-02-22,0.32355185938828085,-9.417780684732419,-14.546009120818029
30,415789.7569821614,9133519.81311671,2026-03-06,0.34273749738938075,-10.410954024333954,-14.776501965825245
30,415789.7569821614,9133519.81311671,2026-03-18,0.3973602441158282,-9.85130714639838,-13.875613220827928
30,415789.7569821614,9133519.81311671,2026-03-30,0.3146328953969184,-7.553088693960516,-12.629449856150321
30,415789.7569821614,9133519.81311671,2026-04-11,0.3052356471784141,-7.321627184102155,-12.698593519139083
30,415789.7569821614,9133519.81311671,2026-04-23,0.24592732045732763,-9.336432708654534,-15.921157348299465
30,415789.7569821614,9133519.81311671,2026-05-05,0.271147642215788,-9.386792155407804,-15.892601591458845
30,415789.7569821614,9133519.81311671,2026-05-17,0.29724353683300603,-6.853563332550216,-14.017046163310841
30,415789.7569821614,9133519.81311671,2026-05-29,0.3408743202709405,-9.08710285996067,-14.574826936460905
30,415789.7569821614,9133519.81311671,2026-06-10,0.31118465519609134,-8.702654444076643,-14.34222499085464
