bujur,lintang,tanggal,fase,sumber
109.294803,-7.426172,6/11/2024,2,Drone (rice field)
109.294847,-7.426192,6/11/2024,2,Drone (rice field)
109.352415,-7.436177,6/11/2024,1,Drone (rice field)
109.295109,-7.425689,6/11/2024,2,Drone (rice field)
109.352346,-7.434823,6/11/2024,1,Drone (rice field)
109.295111,-7.427049,6/11/2024,2,Drone (rice field)
109.294836,-7.425913,6/11/2024,2,Drone (rice field)
109.352207,-7.434702,6/11/2024,1,Drone (rice field)
109.294653,-7.426052,6/11/2024,2,Drone (rice field)
109.29507,-7.427128,6/11/2024,2,Drone (rice field)
109.29481,-7.42608,6/11/2024,2,Drone (rice field)
109.295142,-7.426975,6/11/2024,2,Drone (rice field)
109.295205,-7.425711,6/11/2024,2,Drone (rice field)
109.295706,-7.42708,6/11/2024,2,Drone (rice field)
109.35223,-7.434601,6/11/2024,1,Drone (rice field)
109.353143,-7.435017,6/11/2024,1,Drone (rice field)
109.352652,-7.434387,6/11/2024,1,Drone (rice field)
109.448687,-7.595082,6/12/2024,2,Drone (rice field)
109.295258,-7.425722,6/11/2024,2,Drone (rice field)
109.295269,-7.425727,6/11/2024,2,Drone (rice field)
109.295297,-7.425654,6/11/2024,2,Drone (rice field)
109.353351,-7.435012,6/11/2024,1,Drone (rice field)
109.295256,-7.426174,6/11/2024,2,Drone (rice field)
109.448709,-7.594694,6/12/2024,2,Drone (rice field)
109.353097,-7.435301,6/11/2024,1,Drone (rice field)
109.295814,-7.426756,6/11/2024,2,Drone (rice field)
109.295794,-7.426839,6/11/2024,2,Drone (rice field)
109.352182,-7.435218,6/11/2024,1,Drone (rice field)
109.352454,-7.436327,6/11/2024,1,Drone (rice field)
109.352437,-7.436269,6/11/2024,1,Drone (rice field)
109.35214,-7.435693,6/11/2024,1,Drone (rice field)
109.448767,-7.594898,6/12/2024,2,Drone (rice field)
109.353148,-7.435107,6/11/2024,1,Drone (rice field)
109.353375,-7.4351,6/11/2024,1,Drone (rice field)
109.448678,-7.594566,6/12/2024,2,Drone (rice field)
109.449481,-7.594595,6/12/2024,2,Drone (rice field)
109.295529,-7.426695,6/11/2024,2,Drone (rice field)
109.29579,-7.426928,6/11/2024,2,Drone (rice field)
109.44911,-7.594477,6/12/2024,2,Drone (rice field)
109.353115,-7.435403,6/11/2024,1,Drone (rice field)
109.29563,-7.427001,6/11/2024,2,Drone (rice field)
109.295625,-7.426918,6/11/2024,2,Drone (rice field)
109.295412,-7.426552,6/11/2024,2,Drone (rice field)
109.295404,-7.426128,6/11/2024,2,Drone (rice field)
109.35212,-7.435583,6/11/2024,1,Drone (rice field)
109.352882,-7.435116,6/11/2024,1,Drone (rice field)
109.374387,-7.50395,6/11/2024,1,Drone (rice field)
109.449595,-7.595654,6/12/2024,2,Drone (rice field)
109.3522,-7.435956,6/11/2024,1,Drone (rice field)
109.352849,-7.435481,6/11/2024,1,Drone (rice field)
109.352288,-7.435884,6/11/2024,1,Drone (rice field)
109.375762,-7.503737,6/11/2024,1,Drone (rice field)
109.353194,-7.435887,6/11/2024,1,Drone (rice field)
109.353225,-7.435853,6/11/2024,1,Drone (rice field)
109.448682,-7.594779,6/12/2024,2,Drone (rice field)
109.449562,-7.594931,6/12/2024,2,Drone (rice field)
109.352633,-7.435321,6/11/2024,1,Drone (rice field)
109.352204,-7.435836,6/11/2024,1,Drone (rice field)
109.35239,-7.435235,6/11/2024,1,Drone (rice field)
109.352878,-7.435025,6/11/2024,1,Drone (rice field)
109.294567,-7.426015,6/11/2024,2,Drone (rice field)
109.375908,-7.503821,6/11/2024,1,Drone (rice field)
109.412564,-7.426609,6/11/2024,2,Drone (rice field)
109.412608,-7.426631,6/11/2024,2,Drone (rice field)
109.295066,-7.425807,6/11/2024,2,Drone (rice field)
109.29492,-7.425931,6/11/2024,2,Drone (rice field)
109.353647,-7.435889,6/11/2024,1,Drone (rice field)
109.295743,-7.427117,6/11/2024,2,Drone (rice field)
109.3518,-7.435128,6/11/2024,1,Drone (rice field)
109.413693,-7.426692,6/11/2024,2,Drone (rice field)
109.413644,-7.426689,6/11/2024,2,Drone (rice field)
109.353196,-7.435435,6/11/2024,1,Drone (rice field)
109.44918,-7.595359,6/12/2024,2,Drone (rice field)
109.295371,-7.426905,6/11/2024,2,Drone (rice field)
109.295365,-7.426831,6/11/2024,2,Drone (rice field)
109.295327,-7.426747,6/11/2024,2,Drone (rice field)
109.44921,-7.594555,6/12/2024,2,Drone (rice field)
109.352292,-7.434979,6/11/2024,1,Drone (rice field)
109.352352,-7.434941,6/11/2024,1,Drone (rice field)
109.35199,-7.435548,6/11/2024,1,Drone (rice field)
109.295163,-7.42583,6/11/2024,2,Drone (rice field)
109.352638,-7.435226,6/11/2024,1,Drone (rice field)
109.44875,-7.594505,6/12/2024,2,Drone (rice field)
109.448365,-7.595649,6/12/2024,2,Drone (rice field)
109.294707,-7.425888,6/11/2024,2,Drone (rice field)
109.375866,-7.504179,6/11/2024,1,Drone (rice field)
109.351983,-7.434725,6/11/2024,1,Drone (rice field)
109.352594,-7.435485,6/11/2024,1,Drone (rice field)
109.295254,-7.426626,6/11/2024,2,Drone (rice field)
109.35259,-7.435403,6/11/2024,1,Drone (rice field)
109.375656,-7.503807,6/11/2024,1,Drone (rice field)
109.449602,-7.594934,6/12/2024,2,Drone (rice field)
109.375159,-7.504034,6/11/2024,1,Drone (rice field)
109.295694,-7.426111,6/11/2024,2,Drone (rice field)
109.295709,-7.426176,6/11/2024,2,Drone (rice field)
109.353133,-7.435536,6/11/2024,1,Drone (rice field)
109.448469,-7.594896,6/12/2024,2,Drone (rice field)
109.352854,-7.435574,6/11/2024,1,Drone (rice field)
109.295684,-7.427116,6/11/2024,2,Drone (rice field)
109.35204,-7.435271,6/11/2024,1,Drone (rice field)
109.449576,-7.595251,6/12/2024,2,Drone (rice field)
109.295366,-7.425731,6/11/2024,2,Drone (rice field)
109.294768,-7.425665,6/11/2024,2,Drone (rice field)
109.295569,-7.427112,6/11/2024,2,Drone (rice field)
109.352601,-7.434475,6/11/2024,1,Drone (rice field)
109.352039,-7.435217,6/11/2024,1,Drone (rice field)
109.294614,-7.425657,6/11/2024,2,Drone (rice field)
109.448295,-7.594996,6/12/2024,2,Drone (rice field)
109.375708,-7.503708,6/11/2024,1,Drone (rice field)
109.353409,-7.435367,6/11/2024,1,Drone (rice field)
109.353324,-7.434915,6/11/2024,1,Drone (rice field)
109.294744,-7.425756,6/11/2024,2,Drone (rice field)
109.448869,-7.595118,6/12/2024,2,Drone (rice field)
109.4483,-7.595265,6/12/2024,2,Drone (rice field)
109.295794,-7.427041,6/11/2024,2,Drone (rice field)
109.449182,-7.595513,6/12/2024,2,Drone (rice field)
109.294965,-7.425786,6/11/2024,2,Drone (rice field)
109.294879,-7.425773,6/11/2024,2,Drone (rice field)
109.295417,-7.426991,6/11/2024,2,Drone (rice field)
109.353041,-7.436154,6/11/2024,1,Drone (rice field)
109.29491,-7.425672,6/11/2024,2,Drone (rice field)
109.448905,-7.594538,6/12/2024,2,Drone (rice field)
109.295679,-7.426405,6/11/2024,2,Drone (rice field)
109.353768,-7.435827,6/11/2024,1,Drone (rice field)
109.295766,-7.426733,6/11/2024,2,Drone (rice field)
109.448642,-7.595081,6/12/2024,2,Drone (rice field)
109.449607,-7.594794,6/12/2024,2,Drone (rice field)
109.44837,-7.595319,6/12/2024,2,Drone (rice field)
109.353164,-7.436005,6/11/2024,1,Drone (rice field)
109.295437,-7.426763,6/11/2024,2,Drone (rice field)
109.41368,-7.426786,6/11/2024,2,Drone (rice field)
109.295707,-7.426628,6/11/2024,2,Drone (rice field)
109.374502,-7.503704,6/11/2024,1,Drone (rice field)
109.448657,-7.594476,6/12/2024,2,Drone (rice field)
109.375244,-7.504951,6/11/2024,1,Drone (rice field)
109.352617,-7.435126,6/11/2024,1,Drone (rice field)
109.448454,-7.59573,6/12/2024,2,Drone (rice field)
109.353441,-7.435197,6/11/2024,1,Drone (rice field)
109.448916,-7.595048,6/12/2024,2,Drone (rice field)
109.35245,-7.436383,6/11/2024,1,Drone (rice field)
109.352872,-7.434925,6/11/2024,1,Drone (rice field)
109.295745,-7.426219,6/11/2024,2,Drone (rice field)
109.295782,-7.426425,6/11/2024,2,Drone (rice field)
109.37586,-7.503933,6/11/2024,1,Drone (rice field)
109.295026,-7.425928,6/11/2024,2,Drone (rice field)
109.449287,-7.594769,6/12/2024,2,Drone (rice field)
109.352103,-7.435335,6/11/2024,1,Drone (rice field)
109.352185,-7.43527,6/11/2024,1,Drone (rice field)
109.353378,-7.435277,6/11/2024,1,Drone (rice field)
109.374245,-7.504519,6/11/2024,1,Drone (rice field)
109.374212,-7.504438,6/11/2024,1,Drone (rice field)
109.374967,-7.503972,6/11/2024,1,Drone (rice field)
109.411701,-7.426534,6/11/2024,4,Drone (rice field)
109.351974,-7.435484,6/11/2024,1,Drone (rice field)
109.295259,-7.427132,6/11/2024,2,Drone (rice field)
109.413588,-7.426683,6/11/2024,2,Drone (rice field)
109.35214,-7.435142,6/11/2024,1,Drone (rice field)
109.295451,-7.426029,6/11/2024,2,Drone (rice field)
109.449003,-7.594983,6/12/2024,2,Drone (rice field)
109.449182,-7.594686,6/12/2024,2,Drone (rice field)
109.294998,-7.425677,6/11/2024,2,Drone (rice field)
109.295214,-7.426185,6/11/2024,2,Drone (rice field)
109.352926,-7.435215,6/11/2024,1,Drone (rice field)
109.449611,-7.595543,6/12/2024,2,Drone (rice field)
109.352275,-7.436132,6/11/2024,1,Drone (rice field)
109.295551,-7.426336,6/11/2024,2,Drone (rice field)
109.352745,-7.434981,6/11/2024,1,Drone (rice field)
109.375268,-7.503977,6/11/2024,1,Drone (rice field)
109.375409,-7.503816,6/11/2024,1,Drone (rice field)
109.294586,-7.425854,6/11/2024,2,Drone (rice field)
109.353224,-7.435203,6/11/2024,1,Drone (rice field)
109.448656,-7.594928,6/12/2024,2,Drone (rice field)
109.295148,-7.426817,6/11/2024,2,Drone (rice field)
109.448548,-7.59511,6/12/2024,2,Drone (rice field)
109.295142,-7.426894,6/11/2024,2,Drone (rice field)
109.295428,-7.427107,6/11/2024,2,Drone (rice field)
109.449905,-7.59505,6/12/2024,6,Drone (rice field)
109.413446,-7.426966,6/11/2024,2,Drone (rice field)
109.352568,-7.43584,6/11/2024,1,Drone (rice field)
109.353457,-7.435712,6/11/2024,1,Drone (rice field)
109.351782,-7.435055,6/11/2024,1,Drone (rice field)
109.295234,-7.425645,6/11/2024,2,Drone (rice field)
109.295166,-7.426611,6/11/2024,2,Drone (rice field)
109.375591,-7.503786,6/11/2024,1,Drone (rice field)
109.413798,-7.426818,6/11/2024,2,Drone (rice field)
109.413729,-7.426801,6/11/2024,2,Drone (rice field)
109.413747,-7.426751,6/11/2024,2,Drone (rice field)
109.41402,-7.426173,6/11/2024,2,Drone (rice field)
109.412269,-7.426031,6/11/2024,4,Drone (rice field)
109.2954,-7.425653,6/11/2024,2,Drone (rice field)
109.413771,-7.426703,6/11/2024,2,Drone (rice field)
109.413731,-7.426704,6/11/2024,2,Drone (rice field)
109.375083,-7.504118,6/11/2024,1,Drone (rice field)
109.413559,-7.426565,6/11/2024,2,Drone (rice field)
109.413604,-7.426563,6/11/2024,2,Drone (rice field)
109.448859,-7.59465,6/12/2024,2,Drone (rice field)
109.295366,-7.42629,6/11/2024,2,Drone (rice field)
109.412112,-7.426155,6/11/2024,4,Drone (rice field)
109.352952,-7.43617,6/11/2024,1,Drone (rice field)
109.412182,-7.426129,6/11/2024,4,Drone (rice field)
109.448394,-7.595054,6/12/2024,2,Drone (rice field)
109.448314,-7.595002,6/12/2024,2,Drone (rice field)
109.352417,-7.434587,6/11/2024,1,Drone (rice field)
109.448848,-7.595207,6/12/2024,2,Drone (rice field)
109.35211,-7.435493,6/11/2024,1,Drone (rice field)
109.352383,-7.43584,6/11/2024,1,Drone (rice field)
109.448575,-7.595593,6/12/2024,2,Drone (rice field)
109.294981,-7.42607,6/11/2024,2,Drone (rice field)
109.449085,-7.594796,6/12/2024,2,Drone (rice field)
109.352838,-7.435837,6/11/2024,1,Drone (rice field)
109.353137,-7.434917,6/11/2024,1,Drone (rice field)
109.353184,-7.435637,6/11/2024,1,Drone (rice field)
109.44848,-7.595601,6/12/2024,2,Drone (rice field)
109.35286,-7.435691,6/11/2024,1,Drone (rice field)
109.374355,-7.503971,6/11/2024,1,Drone (rice field)
109.352083,-7.434635,6/11/2024,1,Drone (rice field)
109.295229,-7.425842,6/11/2024,2,Drone (rice field)
109.353602,-7.435875,6/11/2024,1,Drone (rice field)
109.353552,-7.435808,6/11/2024,1,Drone (rice field)
109.295122,-7.425948,6/11/2024,2,Drone (rice field)
109.352595,-7.435577,6/11/2024,1,Drone (rice field)
109.413705,-7.426553,6/11/2024,2,Drone (rice field)
109.295627,-7.426103,6/11/2024,2,Drone (rice field)
109.448403,-7.594744,6/12/2024,2,Drone (rice field)
109.352743,-7.435433,6/11/2024,1,Drone (rice field)
109.353674,-7.435646,6/11/2024,1,Drone (rice field)
109.449107,-7.595381,6/12/2024,2,Drone (rice field)
109.294685,-7.426183,6/11/2024,2,Drone (rice field)
109.352336,-7.436007,6/11/2024,1,Drone (rice field)
109.352829,-7.436113,6/11/2024,1,Drone (rice field)
109.353184,-7.434803,6/11/2024,1,Drone (rice field)
109.449865,-7.594705,6/12/2024,2,Drone (rice field)
109.413401,-7.42687,6/11/2024,2,Drone (rice field)
109.413446,-7.426264,6/11/2024,2,Drone (rice field)
109.413404,-7.426259,6/11/2024,2,Drone (rice field)
109.412267,-7.426138,6/11/2024,4,Drone (rice field)
109.352573,-7.436268,6/11/2024,1,Drone (rice field)
109.295253,-7.427078,6/11/2024,2,Drone (rice field)
109.413255,-7.426736,6/11/2024,2,Drone (rice field)
109.294934,-7.426216,6/11/2024,2,Drone (rice field)
109.29577,-7.426048,6/11/2024,2,Drone (rice field)
109.413147,-7.426777,6/11/2024,2,Drone (rice field)
109.352596,-7.436015,6/11/2024,1,Drone (rice field)
109.375167,-7.504139,6/11/2024,1,Drone (rice field)
109.375603,-7.504412,6/11/2024,1,Drone (rice field)
109.375607,-7.504349,6/11/2024,1,Drone (rice field)
109.352103,-7.435408,6/11/2024,1,Drone (rice field)
109.294805,-7.42572,6/11/2024,2,Drone (rice field)
109.295332,-7.427104,6/11/2024,2,Drone (rice field)
109.413863,-7.426752,6/11/2024,2,Drone (rice field)
109.375517,-7.503764,6/11/2024,1,Drone (rice field)
109.351756,-7.434954,6/11/2024,1,Drone (rice field)
109.295621,-7.426818,6/11/2024,2,Drone (rice field)
109.375327,-7.505047,6/11/2024,1,Drone (rice field)
109.353432,-7.435536,6/11/2024,1,Drone (rice field)
109.37416,-7.504452,6/11/2024,1,Drone (rice field)
109.37488,-7.503589,6/11/2024,1,Drone (rice field)
109.413736,-7.426877,6/11/2024,2,Drone (rice field)
109.352741,-7.435885,6/11/2024,1,Drone (rice field)
109.352418,-7.434509,6/11/2024,1,Drone (rice field)
109.35229,-7.435431,6/11/2024,1,Drone (rice field)
109.352322,-7.435406,6/11/2024,1,Drone (rice field)
109.352421,-7.434697,6/11/2024,1,Drone (rice field)
109.29502,-7.426234,6/11/2024,2,Drone (rice field)
109.448642,-7.594835,6/12/2024,2,Drone (rice field)
109.448581,-7.594828,6/12/2024,2,Drone (rice field)
109.375051,-7.504403,6/11/2024,1,Drone (rice field)
109.352354,-7.435489,6/11/2024,1,Drone (rice field)
109.352819,-7.436008,6/11/2024,1,Drone (rice field)
109.448311,-7.59481,6/12/2024,2,Drone (rice field)
109.44838,-7.594852,6/12/2024,2,Drone (rice field)
109.449667,-7.594594,6/12/2024,2,Drone (rice field)
109.413672,-7.426861,6/11/2024,6,Drone (rice field)
109.41364,-7.426847,6/11/2024,2,Drone (rice field)
109.41347,-7.426612,6/11/2024,2,Drone (rice field)
109.352612,-7.435034,6/11/2024,1,Drone (rice field)
109.41352,-7.426558,6/11/2024,2,Drone (rice field)
109.352359,-7.435043,6/11/2024,1,Drone (rice field)
109.351934,-7.435337,6/11/2024,1,Drone (rice field)
109.295144,-7.426088,6/11/2024,2,Drone (rice field)
109.295072,-7.426086,6/11/2024,2,Drone (rice field)
109.353106,-7.434576,6/11/2024,1,Drone (rice field)
109.412827,-7.426771,6/11/2024,2,Drone (rice field)
109.295091,-7.426243,6/11/2024,2,Drone (rice field)
109.449605,-7.595025,6/12/2024,2,Drone (rice field)
109.353198,-7.434983,6/11/2024,1,Drone (rice field)
109.352365,-7.435135,6/11/2024,1,Drone (rice field)
109.374628,-7.504333,6/11/2024,1,Drone (rice field)
109.353379,-7.435934,6/11/2024,1,Drone (rice field)
109.448373,-7.594616,6/12/2024,2,Drone (rice field)
109.449963,-7.595739,6/12/2024,6,Drone (rice field)
109.449861,-7.595118,6/12/2024,6,Drone (rice field)
109.448595,-7.594603,6/12/2024,2,Drone (rice field)
109.295813,-7.425956,6/11/2024,2,Drone (rice field)
109.353134,-7.434684,6/11/2024,1,Drone (rice field)
109.35195,-7.435406,6/11/2024,1,Drone (rice field)
109.413303,-7.426253,6/11/2024,2,Drone (rice field)
109.413863,-7.426867,6/11/2024,2,Drone (rice field)
109.413886,-7.426822,6/11/2024,2,Drone (rice field)
109.295145,-7.426728,6/11/2024,2,Drone (rice field)
109.449596,-7.595124,6/12/2024,2,Drone (rice field)
109.375583,-7.504477,6/11/2024,1,Drone (rice field)
109.449965,-7.595477,6/12/2024,6,Drone (rice field)
109.448491,-7.594841,6/12/2024,2,Drone (rice field)
109.448528,-7.594813,6/12/2024,2,Drone (rice field)
109.352871,-7.435398,6/11/2024,1,Drone (rice field)
109.375532,-7.504739,6/11/2024,1,Drone (rice field)
109.374866,-7.504118,6/11/2024,1,Drone (rice field)
109.448456,-7.595463,6/12/2024,2,Drone (rice field)
109.413449,-7.426657,6/11/2024,2,Drone (rice field)
109.352867,-7.435314,6/11/2024,1,Drone (rice field)
109.353155,-7.435751,6/11/2024,1,Drone (rice field)
109.448519,-7.595919,6/12/2024,2,Drone (rice field)
109.375269,-7.50371,6/11/2024,1,Drone (rice field)
109.352861,-7.436226,6/11/2024,1,Drone (rice field)
109.352863,-7.436176,6/11/2024,1,Drone (rice field)
109.295579,-7.425688,6/11/2024,2,Drone (rice field)
109.3743,-7.504369,6/11/2024,1,Drone (rice field)
109.413036,-7.426799,6/11/2024,2,Drone (rice field)
109.29519,-7.425954,6/11/2024,2,Drone (rice field)
109.351925,-7.435149,6/11/2024,1,Drone (rice field)
109.352131,-7.434948,6/11/2024,1,Drone (rice field)
109.351949,-7.434835,6/11/2024,1,Drone (rice field)
109.295711,-7.425724,6/11/2024,2,Drone (rice field)
109.295758,-7.425702,6/11/2024,2,Drone (rice field)
109.449562,-7.595468,6/12/2024,2,Drone (rice field)
109.413869,-7.426331,6/11/2024,2,Drone (rice field)
109.41383,-7.426324,6/11/2024,2,Drone (rice field)
109.374909,-7.503963,6/11/2024,1,Drone (rice field)
109.375261,-7.504112,6/11/2024,1,Drone (rice field)
109.411577,-7.426517,6/11/2024,4,Drone (rice field)
109.448526,-7.595733,6/12/2024,2,Drone (rice field)
109.353069,-7.434471,6/11/2024,1,Drone (rice field)
109.351916,-7.43525,6/11/2024,1,Drone (rice field)
109.352367,-7.435328,6/11/2024,1,Drone (rice field)
109.352789,-7.436253,6/11/2024,1,Drone (rice field)
109.352786,-7.436185,6/11/2024,1,Drone (rice field)
109.448649,-7.595892,6/12/2024,2,Drone (rice field)
109.375897,-7.50401,6/11/2024,1,Drone (rice field)
109.413419,-7.426417,6/11/2024,2,Drone (rice field)
109.413377,-7.426413,6/11/2024,2,Drone (rice field)
109.352746,-7.434529,6/11/2024,1,Drone (rice field)
109.294631,-7.427098,6/11/2024,2,Drone (rice field)
109.351839,-7.434978,6/11/2024,1,Drone (rice field)
109.351919,-7.434954,6/11/2024,1,Drone (rice field)
109.295491,-7.425905,6/11/2024,2,Drone (rice field)
109.294958,-7.426824,6/11/2024,2,Drone (rice field)
109.353747,-7.435781,6/11/2024,1,Drone (rice field)
109.375386,-7.503645,6/11/2024,1,Drone (rice field)
109.449982,-7.595651,6/12/2024,6,Drone (rice field)
109.375144,-7.50393,6/11/2024,1,Drone (rice field)
109.413511,-7.42689,6/11/2024,2,Drone (rice field)
109.295015,-7.42665,6/11/2024,2,Drone (rice field)
109.351921,-7.435056,6/11/2024,1,Drone (rice field)
109.352625,-7.434582,6/11/2024,1,Drone (rice field)
109.412156,-7.426324,6/11/2024,4,Drone (rice field)
109.41306,-7.4269,6/11/2024,2,Drone (rice field)
109.449996,-7.595039,6/12/2024,6,Drone (rice field)
109.374731,-7.503675,6/11/2024,1,Drone (rice field)
109.448866,-7.595313,6/12/2024,2,Drone (rice field)
109.413623,-7.426783,6/11/2024,2,Drone (rice field)
109.413571,-7.426797,6/11/2024,2,Drone (rice field)
109.375477,-7.503931,6/11/2024,1,Drone (rice field)
109.44874,-7.595672,6/12/2024,2,Drone (rice field)
109.412164,-7.426021,6/11/2024,4,Drone (rice field)
109.375714,-7.503922,6/11/2024,1,Drone (rice field)
109.448868,-7.594894,6/12/2024,2,Drone (rice field)
109.352357,-7.435581,6/11/2024,1,Drone (rice field)
109.412391,-7.426045,6/11/2024,4,Drone (rice field)
109.449591,-7.595739,6/12/2024,2,Drone (rice field)
109.413437,-7.42677,6/11/2024,2,Drone (rice field)
109.448652,-7.595832,6/12/2024,2,Drone (rice field)
109.448916,-7.594727,6/12/2024,2,Drone (rice field)
109.448876,-7.594779,6/12/2024,2,Drone (rice field)
109.294828,-7.427104,6/11/2024,2,Drone (rice field)
109.295617,-7.425969,6/11/2024,2,Drone (rice field)
109.413018,-7.426158,6/11/2024,2,Drone (rice field)
109.413029,-7.426187,6/11/2024,2,Drone (rice field)
109.375628,-7.504283,6/11/2024,1,Drone (rice field)
109.375881,-7.504103,6/11/2024,1,Drone (rice field)
109.37499,-7.503606,6/11/2024,1,Drone (rice field)
109.352635,-7.43612,6/11/2024,1,Drone (rice field)
109.352596,-7.435693,6/11/2024,1,Drone (rice field)
109.413677,-7.426547,6/11/2024,2,Drone (rice field)
109.413648,-7.426544,6/11/2024,2,Drone (rice field)
109.352605,-7.434933,6/11/2024,1,Drone (rice field)
109.41389,-7.426224,6/11/2024,2,Drone (rice field)
109.41385,-7.426216,6/11/2024,2,Drone (rice field)
109.449967,-7.594715,6/12/2024,2,Drone (rice field)
109.352352,-7.435696,6/11/2024,1,Drone (rice field)
109.412111,-7.426607,6/11/2024,4,Drone (rice field)
109.412179,-7.426613,6/11/2024,4,Drone (rice field)
109.295325,-7.425859,6/11/2024,2,Drone (rice field)
109.448661,-7.595264,6/12/2024,2,Drone (rice field)
109.352659,-7.436218,6/11/2024,1,Drone (rice field)
109.375589,-7.504238,6/11/2024,1,Drone (rice field)
109.375626,-7.504216,6/11/2024,1,Drone (rice field)
109.413181,-7.426596,6/11/2024,2,Drone (rice field)
109.37576,-7.504067,6/11/2024,1,Drone (rice field)
109.375092,-7.50397,6/11/2024,1,Drone (rice field)
109.37503,-7.503962,6/11/2024,1,Drone (rice field)
109.352979,-7.436022,6/11/2024,1,Drone (rice field)
109.448526,-7.595471,6/12/2024,2,Drone (rice field)
109.352135,-7.43505,6/11/2024,1,Drone (rice field)
109.294753,-7.42666,6/11/2024,2,Drone (rice field)
109.295528,-7.425771,6/11/2024,2,Drone (rice field)
109.413574,-7.426992,6/11/2024,2,Drone (rice field)
109.413616,-7.426937,6/11/2024,2,Drone (rice field)
109.413545,-7.426929,6/11/2024,2,Drone (rice field)
109.413276,-7.42685,6/11/2024,2,Drone (rice field)
109.374685,-7.503783,6/11/2024,1,Drone (rice field)
109.375574,-7.503994,6/11/2024,1,Drone (rice field)
109.44956,-7.595383,6/12/2024,2,Drone (rice field)
109.449563,-7.595366,6/12/2024,2,Drone (rice field)
109.374383,-7.504312,6/11/2024,1,Drone (rice field)
109.294711,-7.426818,6/11/2024,2,Drone (rice field)
109.413202,-7.426107,6/11/2024,2,Drone (rice field)
109.413361,-7.426667,6/11/2024,2,Drone (rice field)
109.295734,-7.425807,6/11/2024,2,Drone (rice field)
109.411658,-7.426606,6/11/2024,4,Drone (rice field)
109.41308,-7.426066,6/11/2024,2,Drone (rice field)
109.411487,-7.426503,6/11/2024,4,Drone (rice field)
109.411426,-7.426133,6/11/2024,4,Drone (rice field)
109.295284,-7.425973,6/11/2024,2,Drone (rice field)
109.413528,-7.426276,6/11/2024,2,Drone (rice field)
109.413487,-7.42627,6/11/2024,2,Drone (rice field)
109.413605,-7.426897,6/11/2024,6,Drone (rice field)
109.413588,-7.426882,6/11/2024,2,Drone (rice field)
109.295695,-7.425902,6/11/2024,2,Drone (rice field)
109.448347,-7.594628,6/12/2024,2,Drone (rice field)
109.375617,-7.504154,6/11/2024,1,Drone (rice field)
109.449109,-7.594929,6/12/2024,2,Drone (rice field)
109.352639,-7.434611,6/11/2024,1,Drone (rice field)
109.352888,-7.434809,6/11/2024,1,Drone (rice field)
109.413179,-7.426236,6/11/2024,2,Drone (rice field)
109.41311,-7.426201,6/11/2024,2,Drone (rice field)
109.411817,-7.426555,6/11/2024,4,Drone (rice field)
109.413811,-7.42621,6/11/2024,2,Drone (rice field)
109.41377,-7.426202,6/11/2024,2,Drone (rice field)
109.413741,-7.426193,6/11/2024,2,Drone (rice field)
109.413782,-7.426141,6/11/2024,2,Drone (rice field)
109.413751,-7.426137,6/11/2024,2,Drone (rice field)
109.413017,-7.426611,6/11/2024,2,Drone (rice field)
109.413661,-7.42696,6/11/2024,2,Drone (rice field)
109.413069,-7.426606,6/11/2024,2,Drone (rice field)
109.448526,-7.595255,6/12/2024,2,Drone (rice field)
109.413789,-7.426536,6/11/2024,2,Drone (rice field)
109.413745,-7.426551,6/11/2024,2,Drone (rice field)
109.448738,-7.595764,6/12/2024,2,Drone (rice field)
109.449044,-7.595973,6/12/2024,2,Drone (rice field)
109.413341,-7.426947,6/11/2024,2,Drone (rice field)
109.411421,-7.426478,6/11/2024,4,Drone (rice field)
109.449021,-7.595877,6/12/2024,2,Drone (rice field)
109.352599,-7.434816,6/11/2024,1,Drone (rice field)
109.44867,-7.595554,6/12/2024,2,Drone (rice field)
109.413087,-7.426404,6/11/2024,2,Drone (rice field)
109.294601,-7.425734,6/11/2024,2,Drone (rice field)
109.375138,-7.503785,6/11/2024,1,Drone (rice field)
109.37516,-7.50375,6/11/2024,1,Drone (rice field)
109.412937,-7.426797,6/11/2024,2,Drone (rice field)
109.449389,-7.595722,6/12/2024,2,Drone (rice field)
109.448442,-7.594596,6/12/2024,2,Drone (rice field)
109.412074,-7.426318,6/11/2024,4,Drone (rice field)
109.412909,-7.426559,6/11/2024,2,Drone (rice field)
109.412236,-7.426337,6/11/2024,4,Drone (rice field)
109.29472,-7.426957,6/11/2024,2,Drone (rice field)
109.413903,-7.426159,6/11/2024,2,Drone (rice field)
109.413863,-7.426153,6/11/2024,2,Drone (rice field)
109.413823,-7.426147,6/11/2024,2,Drone (rice field)
109.352628,-7.434692,6/11/2024,1,Drone (rice field)
109.449018,-7.595938,6/12/2024,2,Drone (rice field)
109.375403,-7.50495,6/11/2024,1,Drone (rice field)
109.448853,-7.595404,6/12/2024,2,Drone (rice field)
109.41379,-7.426319,6/11/2024,2,Drone (rice field)
109.41375,-7.426312,6/11/2024,2,Drone (rice field)
109.449894,-7.595872,6/12/2024,6,Drone (rice field)
109.375035,-7.504238,6/11/2024,1,Drone (rice field)
109.374686,-7.503331,6/11/2024,1,Drone (rice field)
109.413924,-7.426162,6/11/2024,2,Drone (rice field)
109.413987,-7.426171,6/11/2024,2,Drone (rice field)
109.413944,-7.426164,6/11/2024,2,Drone (rice field)
109.412371,-7.426153,6/11/2024,4,Drone (rice field)
109.411378,-7.426822,6/11/2024,4,Drone (rice field)
109.449968,-7.595375,6/12/2024,6,Drone (rice field)
109.413207,-7.426433,6/11/2024,2,Drone (rice field)
109.413775,-7.42699,6/11/2024,2,Drone (rice field)
109.413804,-7.426958,6/11/2024,2,Drone (rice field)
109.413808,-7.426439,6/11/2024,2,Drone (rice field)
109.413769,-7.426434,6/11/2024,2,Drone (rice field)
109.413728,-7.426427,6/11/2024,2,Drone (rice field)
109.352978,-7.434286,6/11/2024,1,Drone (rice field)
109.411659,-7.426154,6/11/2024,4,Drone (rice field)
109.352863,-7.434578,6/11/2024,1,Drone (rice field)
109.448427,-7.594676,6/12/2024,2,Drone (rice field)
109.375075,-7.504539,6/11/2024,1,Drone (rice field)
109.352809,-7.434319,6/11/2024,1,Drone (rice field)
109.413888,-7.426451,6/11/2024,2,Drone (rice field)
109.413847,-7.426446,6/11/2024,2,Drone (rice field)
109.375136,-7.504237,6/11/2024,1,Drone (rice field)
109.375124,-7.504202,6/11/2024,1,Drone (rice field)
109.413699,-7.426423,6/11/2024,2,Drone (rice field)
109.41367,-7.426419,6/11/2024,2,Drone (rice field)
109.294769,-7.426351,6/11/2024,2,Drone (rice field)
109.375308,-7.504464,6/11/2024,1,Drone (rice field)
109.413839,-7.426698,6/11/2024,6,Drone (rice field)
109.41385,-7.426666,6/11/2024,2,Drone (rice field)
109.375272,-7.50419,6/11/2024,1,Drone (rice field)
109.375316,-7.504545,6/11/2024,1,Drone (rice field)
109.375246,-7.503515,6/11/2024,1,Drone (rice field)
109.413472,-7.426417,6/11/2024,2,Drone (rice field)
109.413541,-7.426436,6/11/2024,2,Drone (rice field)
109.4135,-7.42643,6/11/2024,2,Drone (rice field)
109.413459,-7.426422,6/11/2024,2,Drone (rice field)
109.375351,-7.504766,6/11/2024,1,Drone (rice field)
109.374228,-7.504286,6/11/2024,1,Drone (rice field)
109.449105,-7.595834,6/12/2024,2,Drone (rice field)
109.449054,-7.59557,6/12/2024,2,Drone (rice field)
109.374742,-7.504387,6/11/2024,1,Drone (rice field)
109.352836,-7.434469,6/11/2024,1,Drone (rice field)
109.449985,-7.595268,6/12/2024,6,Drone (rice field)
109.352867,-7.434688,6/11/2024,1,Drone (rice field)
109.448925,-7.595766,6/12/2024,2,Drone (rice field)
109.411876,-7.42599,6/11/2024,4,Drone (rice field)
109.448505,-7.594615,6/12/2024,2,Drone (rice field)
109.448532,-7.59457,6/12/2024,2,Drone (rice field)
109.413622,-7.426443,6/11/2024,2,Drone (rice field)
109.413582,-7.426441,6/11/2024,2,Drone (rice field)
109.294905,-7.426488,6/11/2024,2,Drone (rice field)
109.449074,-7.595687,6/12/2024,2,Drone (rice field)
109.449063,-7.595634,6/12/2024,2,Drone (rice field)
109.374776,-7.504128,6/11/2024,1,Drone (rice field)
109.2948,-7.427076,6/11/2024,2,Drone (rice field)
109.413953,-7.426334,6/11/2024,2,Drone (rice field)
109.41391,-7.426337,6/11/2024,2,Drone (rice field)
109.41398,-7.42637,6/11/2024,2,Drone (rice field)
109.375545,-7.504671,6/11/2024,1,Drone (rice field)
109.375335,-7.504664,6/11/2024,1,Drone (rice field)
109.449186,-7.594916,6/12/2024,2,Drone (rice field)
109.375559,-7.504607,6/11/2024,1,Drone (rice field)
109.375571,-7.504543,6/11/2024,1,Drone (rice field)
109.353609,-7.435438,6/11/2024,1,Drone (rice field)
109.375537,-7.504089,6/11/2024,1,Drone (rice field)
109.413975,-7.426238,6/11/2024,2,Drone (rice field)
109.41393,-7.426231,6/11/2024,2,Drone (rice field)
109.41361,-7.426287,6/11/2024,2,Drone (rice field)
109.413569,-7.426281,6/11/2024,2,Drone (rice field)
109.412826,-7.426549,6/11/2024,2,Drone (rice field)
109.413869,-7.426547,6/11/2024,2,Drone (rice field)
109.413828,-7.426541,6/11/2024,2,Drone (rice field)
109.413328,-7.42612,6/11/2024,2,Drone (rice field)
109.41392,-7.426456,6/11/2024,2,Drone (rice field)
109.413947,-7.426436,6/11/2024,2,Drone (rice field)
109.375389,-7.505055,6/11/2024,1,Drone (rice field)
109.374899,-7.50477,6/11/2024,1,Drone (rice field)
109.448642,-7.595469,6/12/2024,2,Drone (rice field)
109.375587,-7.504691,6/11/2024,1,Drone (rice field)
109.37531,-7.504397,6/11/2024,1,Drone (rice field)
109.375115,-7.504271,6/11/2024,1,Drone (rice field)
109.411412,-7.42624,6/11/2024,4,Drone (rice field)
109.413712,-7.426188,6/11/2024,2,Drone (rice field)
109.413672,-7.426182,6/11/2024,2,Drone (rice field)
109.413722,-7.426134,6/11/2024,2,Drone (rice field)
109.413682,-7.426129,6/11/2024,2,Drone (rice field)
109.41364,-7.426123,6/11/2024,2,Drone (rice field)
109.374483,-7.504208,6/11/2024,1,Drone (rice field)
109.413858,-7.426641,6/11/2024,2,Drone (rice field)
109.413833,-7.426609,6/11/2024,2,Drone (rice field)
109.449586,-7.59593,6/12/2024,2,Drone (rice field)
109.412065,-7.426011,6/11/2024,4,Drone (rice field)
109.448922,-7.595662,6/12/2024,2,Drone (rice field)
109.449277,-7.595678,6/12/2024,2,Drone (rice field)
109.449269,-7.595638,6/12/2024,2,Drone (rice field)
109.449141,-7.595946,6/12/2024,2,Drone (rice field)
109.449178,-7.595904,6/12/2024,2,Drone (rice field)
109.41163,-7.426173,6/11/2024,4,Drone (rice field)
109.41329,-7.426622,6/11/2024,2,Drone (rice field)
109.413721,-7.426303,6/11/2024,2,Drone (rice field)
109.413692,-7.426299,6/11/2024,2,Drone (rice field)
109.413651,-7.426294,6/11/2024,2,Drone (rice field)
109.449184,-7.595233,6/12/2024,2,Drone (rice field)
109.413832,-7.426914,6/11/2024,2,Drone (rice field)
109.413269,-7.426937,6/11/2024,2,Drone (rice field)
109.413198,-7.426923,6/11/2024,2,Drone (rice field)
109.448921,-7.595837,6/12/2024,2,Drone (rice field)
109.44959,-7.595826,6/12/2024,2,Drone (rice field)
109.294747,-7.426564,6/11/2024,2,Drone (rice field)
109.413478,-7.42655,6/11/2024,2,Drone (rice field)
109.374631,-7.503428,6/11/2024,1,Drone (rice field)
109.375101,-7.503623,6/11/2024,1,Drone (rice field)
109.412974,-7.42659,6/11/2024,2,Drone (rice field)
109.448777,-7.59586,6/12/2024,2,Drone (rice field)
109.37423,-7.504233,6/11/2024,1,Drone (rice field)
109.352907,-7.434374,6/11/2024,1,Drone (rice field)
109.375283,-7.504252,6/11/2024,1,Drone (rice field)
109.413427,-7.426135,6/11/2024,2,Drone (rice field)
109.374681,-7.504687,6/11/2024,1,Drone (rice field)
109.37461,-7.504679,6/11/2024,1,Drone (rice field)
109.41363,-7.426175,6/11/2024,2,Drone (rice field)
109.413589,-7.426167,6/11/2024,2,Drone (rice field)
109.413549,-7.42616,6/11/2024,2,Drone (rice field)
109.413598,-7.426117,6/11/2024,2,Drone (rice field)
109.413558,-7.426112,6/11/2024,2,Drone (rice field)
109.294801,-7.426624,6/11/2024,2,Drone (rice field)
109.411527,-7.426841,6/11/2024,4,Drone (rice field)
109.374539,-7.504648,6/11/2024,1,Drone (rice field)
109.374821,-7.503452,6/11/2024,1,Drone (rice field)
109.411796,-7.426078,6/11/2024,4,Drone (rice field)
109.374465,-7.504643,6/11/2024,1,Drone (rice field)
109.411978,-7.426302,6/11/2024,4,Drone (rice field)
109.374683,-7.504235,6/11/2024,1,Drone (rice field)
109.411543,-7.426735,6/11/2024,4,Drone (rice field)
109.41385,-7.427021,6/11/2024,2,Drone (rice field)
109.413471,-7.42616,6/11/2024,2,Drone (rice field)
109.412991,-7.426396,6/11/2024,2,Drone (rice field)
109.412927,-7.42638,6/11/2024,2,Drone (rice field)
109.41351,-7.426145,6/11/2024,2,Drone (rice field)
109.413469,-7.42614,6/11/2024,2,Drone (rice field)
109.449204,-7.594989,6/12/2024,2,Drone (rice field)
109.375321,-7.504315,6/11/2024,1,Drone (rice field)
109.413762,-7.427054,6/11/2024,2,Drone (rice field)
109.413758,-7.427022,6/11/2024,2,Drone (rice field)
109.375076,-7.504923,6/11/2024,1,Drone (rice field)
109.412097,-7.426118,6/11/2024,4,Drone (rice field)
109.411449,-7.426719,6/11/2024,4,Drone (rice field)
109.411391,-7.426705,6/11/2024,4,Drone (rice field)
109.448654,-7.59538,6/12/2024,2,Drone (rice field)
109.375096,-7.50468,6/11/2024,1,Drone (rice field)
109.448816,-7.595611,6/12/2024,2,Drone (rice field)
109.375106,-7.504791,6/11/2024,1,Drone (rice field)
109.374673,-7.503531,6/11/2024,1,Drone (rice field)
109.412258,-7.426623,6/11/2024,4,Drone (rice field)
109.449559,-7.595835,6/12/2024,2,Drone (rice field)
109.413128,-7.426912,6/11/2024,2,Drone (rice field)
109.294562,-7.426311,6/11/2024,2,Drone (rice field)
109.413357,-7.426526,6/11/2024,2,Drone (rice field)
109.413307,-7.42645,6/11/2024,2,Drone (rice field)
109.412836,-7.426433,6/11/2024,2,Drone (rice field)
109.411588,-7.425957,6/11/2024,4,Drone (rice field)
109.411611,-7.426361,6/11/2024,4,Drone (rice field)
109.412067,-7.426829,6/11/2024,4,Drone (rice field)
109.411608,-7.426306,6/11/2024,4,Drone (rice field)
109.411668,-7.426859,6/11/2024,4,Drone (rice field)
109.411431,-7.42683,6/11/2024,4,Drone (rice field)
109.44892,-7.5956,6/12/2024,2,Drone (rice field)
109.413922,-7.426614,6/11/2024,2,Drone (rice field)
109.413941,-7.426561,6/11/2024,2,Drone (rice field)
109.41391,-7.426553,6/11/2024,2,Drone (rice field)
109.411546,-7.426041,6/11/2024,4,Drone (rice field)
109.411441,-7.426021,6/11/2024,4,Drone (rice field)
109.412335,-7.426351,6/11/2024,4,Drone (rice field)
109.449278,-7.595859,6/12/2024,2,Drone (rice field)
109.412006,-7.426108,6/11/2024,4,Drone (rice field)
109.411941,-7.426895,6/11/2024,4,Drone (rice field)
109.41192,-7.426562,6/11/2024,4,Drone (rice field)
109.412592,-7.426315,6/11/2024,2,Drone (rice field)
109.413438,-7.426539,6/11/2024,2,Drone (rice field)
109.413398,-7.426532,6/11/2024,2,Drone (rice field)
109.412102,-7.426593,6/11/2024,4,Drone (rice field)
109.412022,-7.426591,6/11/2024,4,Drone (rice field)
109.411666,-7.426754,6/11/2024,4,Drone (rice field)
109.411867,-7.426285,6/11/2024,4,Drone (rice field)
109.294658,-7.426463,6/11/2024,2,Drone (rice field)
109.37549,-7.504896,6/11/2024,1,Drone (rice field)
109.375134,-7.504689,6/11/2024,1,Drone (rice field)
109.449273,-7.595788,6/12/2024,2,Drone (rice field)
109.449272,-7.595727,6/12/2024,2,Drone (rice field)
109.448807,-7.595479,6/12/2024,2,Drone (rice field)
109.44913,-7.595792,6/12/2024,2,Drone (rice field)
109.412317,-7.426627,6/11/2024,4,Drone (rice field)
109.412014,-7.426814,6/11/2024,4,Drone (rice field)
109.411952,-7.426805,6/11/2024,4,Drone (rice field)
109.412145,-7.42683,6/11/2024,4,Drone (rice field)
109.411772,-7.426775,6/11/2024,4,Drone (rice field)
109.448671,-7.595389,6/12/2024,2,Drone (rice field)
109.412286,-7.426848,6/11/2024,4,Drone (rice field)
109.412224,-7.426842,6/11/2024,4,Drone (rice field)
109.411796,-7.426877,6/11/2024,4,Drone (rice field)
109.449217,-7.595097,6/12/2024,2,Drone (rice field)
109.411866,-7.426787,6/11/2024,4,Drone (rice field)
109.411867,-7.426886,6/11/2024,4,Drone (rice field)
109.411086,-7.444706,6/27/2024,1,Drone (rice field)
