point,x,y,season,SOS,POS,EOS,SOS_doy,POS_doy,EOS_doy,peak_NDVI,trough_NDVI,amplitude,LOS_days,greenup_days
0,494225.6593214362,9241670.999743782,1,2024-12-13,2025-01-06,2025-03-31,348,6,90,0.143,-0.152,0.294,108,24
0,494225.6593214362,9241670.999743782,2,2025-03-31,2025-05-18,2025-05-30,90,138,150,0.131,-0.09,0.282,60,48
2,465117.75854116137,9230123.430505203,1,2024-11-19,2025-03-19,2025-03-31,324,78,90,0.278,0.087,0.191,132,120
2,465117.75854116137,9230123.430505203,2,2025-03-31,2025-07-17,2025-07-29,90,198,210,0.23,-0.018,0.247,120,108
3,459380.00640956056,9243357.550972825,1,2024-11-07,2025-01-06,2025-03-31,312,6,90,0.433,0.214,0.268,144,60
3,459380.00640956056,9243357.550972825,2,2025-03-31,2025-08-22,2025-10-21,90,234,294,0.379,0.221,0.165,204,144
4,468694.02243723854,9226492.483638326,1,2024-11-07,2025-03-07,2025-03-19,312,66,78,0.457,-0.077,0.535,132,120
4,468694.02243723854,9226492.483638326,2,2025-03-19,2025-05-18,2025-05-30,78,138,150,0.483,0.306,0.561,72,60
4,468694.02243723854,9226492.483638326,3,2025-05-30,2025-07-05,2025-07-17,150,186,198,0.479,0.083,0.396,48,36
4,468694.02243723854,9226492.483638326,4,2025-07-17,2025-09-03,2025-10-21,198,246,294,0.45,0.224,0.368,96,48
5,472837.8418035165,9238889.234850043,1,2024-11-19,2025-02-23,2025-03-19,324,54,78,0.355,0.111,0.244,120,96
6,484989.4192938779,9234572.458350737,1,2024-11-19,2025-03-07,2025-04-12,324,66,102,0.436,0.057,0.379,144,108
9,458665.0974886461,9231806.415939407,1,2024-11-07,2025-02-23,2025-03-19,312,54,78,0.314,0.027,0.287,132,108
10,463248.1225192194,9243008.41215943,1,2024-11-07,2025-03-07,2025-04-12,312,66,102,0.292,0.095,0.196,156,120
13,455052.89583226095,9244529.368597005,1,2024-11-07,2025-02-23,2025-08-10,312,54,222,0.265,-0.091,0.356,276,108
14,463707.43565953296,9241609.911635805,1,2024-11-07,2024-11-07,2024-11-19,312,312,324,0.17,0.01,0.16,12,0
14,463707.43565953296,9241609.911635805,2,2024-11-19,2025-01-30,2025-02-11,324,30,42,0.495,0.317,0.485,84,72
14,463707.43565953296,9241609.911635805,3,2025-02-11,2025-02-23,2025-03-31,42,54,90,0.531,-0.126,0.657,48,12
16,498921.2417437863,9244679.093437327,1,2024-11-19,2025-01-18,2025-03-31,324,18,90,0.419,-0.151,0.57,132,60
16,498921.2417437863,9244679.093437327,2,2025-03-31,2025-08-22,2025-09-15,90,234,258,0.247,0.05,0.398,168,144
17,461639.9675519364,9256592.02926797,1,2024-11-07,2024-11-19,2024-12-01,312,324,336,0.23,-0.232,0.461,24,12
17,461639.9675519364,9256592.02926797,2,2024-12-01,2025-03-07,2025-03-31,336,66,90,0.052,-0.114,0.284,120,96
19,456471.7694949021,9251615.784200769,1,2024-11-07,2024-12-01,2024-12-25,312,336,360,0.313,-0.1,0.414,48,24
19,456471.7694949021,9251615.784200769,2,2024-12-25,2025-02-23,2025-03-19,360,54,78,0.559,0.279,0.659,84,60
19,456471.7694949021,9251615.784200769,3,2025-03-19,2025-03-31,2025-05-06,78,90,126,0.57,-0.071,0.641,48,12
21,480099.1982158917,9242474.814709818,1,2024-11-07,2025-03-07,2025-03-31,312,66,90,0.437,0.18,0.367,144,120
22,465351.86352802615,9220135.072343929,1,2024-12-25,2025-03-19,2025-05-30,360,78,150,0.352,0.178,0.174,156,84
23,474447.08491063735,9235439.42950664,1,2024-11-19,2025-02-23,2025-03-07,324,54,66,0.349,0.127,0.222,108,96
25,462531.16610938805,9242898.160494206,1,2024-11-07,2025-02-23,2025-04-12,312,54,102,0.327,0.099,0.228,156,108
26,478402.7748687897,9230143.880556958,1,2024-11-07,2025-01-06,2025-01-30,312,6,30,0.438,0.119,0.319,84,60
26,478402.7748687897,9230143.880556958,2,2025-01-30,2025-03-07,2025-03-19,30,66,78,0.354,0.167,0.235,48,36
26,478402.7748687897,9230143.880556958,3,2025-03-19,2025-03-31,2025-04-12,78,90,102,0.345,0.089,0.257,24,12
26,478402.7748687897,9230143.880556958,4,2025-04-12,2025-07-17,2025-09-15,102,198,258,0.274,0.108,0.186,156,96
28,476314.8896258004,9227712.690875664,1,2024-11-19,2025-02-23,2025-04-24,324,54,114,0.338,0.172,0.276,156,96
28,476314.8896258004,9227712.690875664,2,2025-04-24,2025-07-05,2025-07-29,114,186,210,0.493,0.096,0.397,96,72
29,467892.3375974731,9217922.084971571,1,2024-12-01,2025-03-07,2025-03-31,336,66,90,0.429,0.127,0.302,120,96
29,467892.3375974731,9217922.084971571,2,2025-03-31,2025-07-29,2025-09-03,90,210,246,0.401,0.2,0.275,156,120
32,486489.4318053801,9239436.338119436,1,2024-12-13,2025-01-18,2025-03-07,348,18,66,0.429,0.228,0.201,84,36
32,486489.4318053801,9239436.338119436,2,2025-03-07,2025-06-11,2025-07-29,66,162,210,0.379,0.227,0.152,144,96
33,457806.0808996355,9249295.270328602,1,2025-01-06,2025-03-19,2025-05-06,6,78,126,0.367,0.048,0.361,120,72
38,459945.74270521745,9246726.280926006,1,2024-11-07,2025-03-31,2025-04-24,312,90,114,0.234,0.073,0.221,168,144
38,459945.74270521745,9246726.280926006,2,2025-04-24,2025-09-27,2025-10-09,114,270,282,0.179,0.009,0.17,168,156
42,479352.9287121297,9232148.317847133,1,2024-11-07,2025-01-06,2025-03-19,312,6,78,0.392,0.151,0.241,132,60
44,491432.4451316046,9242149.290268747,1,2024-11-19,2025-01-18,2025-03-31,324,18,90,0.416,0.029,0.387,132,60
44,491432.4451316046,9242149.290268747,2,2025-03-31,2025-05-18,2025-05-30,90,138,150,0.366,0.022,0.344,60,48
46,461674.38594307785,9219924.824686913,1,2024-11-19,2024-12-01,2024-12-13,324,336,348,0.303,0.005,0.298,24,12
46,461674.38594307785,9219924.824686913,2,2024-12-13,2025-03-31,2025-05-30,348,90,150,0.24,0.087,0.235,168,108
47,459708.35640182823,9229993.107302204,1,2024-11-19,2025-01-06,2025-03-19,324,6,78,0.387,0.181,0.206,120,48
51,492877.6308570401,9237296.878424976,1,2024-11-19,2024-12-13,2024-12-25,324,348,360,0.545,0.391,0.154,36,24
53,473247.9102632764,9236850.788607806,1,2024-11-07,2024-11-07,2024-11-19,312,312,324,0.248,-0.038,0.285,12,0
53,473247.9102632764,9236850.788607806,2,2024-11-19,2025-02-23,2025-03-31,324,54,90,0.488,0.19,0.526,132,96
53,473247.9102632764,9236850.788607806,3,2025-03-31,2025-05-18,2025-07-17,90,138,198,0.453,0.287,0.263,108,48
53,473247.9102632764,9236850.788607806,4,2025-07-17,2025-09-03,2025-10-09,198,246,282,0.39,0.117,0.274,84,48
54,474765.8228672643,9240253.178344594,1,2024-11-07,2025-03-07,2025-04-12,312,66,102,0.319,0.168,0.244,156,120
55,484378.051596208,9232252.026378073,1,2024-11-19,2025-01-06,2025-01-30,324,6,30,0.524,0.289,0.455,72,48
55,484378.051596208,9232252.026378073,2,2025-01-30,2025-02-23,2025-04-12,30,54,102,0.471,0.085,0.387,72,24
55,484378.051596208,9232252.026378073,3,2025-04-12,2025-06-23,2025-07-05,102,174,186,0.348,0.172,0.264,84,72
56,467343.26667809614,9227646.860673668,1,2024-11-19,2025-03-07,2025-04-12,324,66,102,0.4,0.143,0.257,144,108
58,468452.7999574412,9246004.412920889,1,2024-11-07,2024-12-01,2024-12-13,312,336,348,0.313,0.159,0.154,36,24
58,468452.7999574412,9246004.412920889,2,2024-12-13,2025-03-19,2025-05-06,348,78,126,0.358,0.144,0.214,144,96
59,491480.23960812954,9234938.214313986,1,2025-01-06,2025-03-31,2025-05-06,6,90,126,0.352,0.168,0.184,120,84
62,457714.92837483657,9254004.122692715,1,2024-11-19,2024-12-13,2025-02-11,324,348,42,0.261,0.093,0.168,84,24
63,460055.40116591775,9251297.239653142,1,2024-11-19,2024-11-19,2025-01-06,324,324,6,0.377,-0.045,0.422,48,0
63,460055.40116591775,9251297.239653142,2,2025-01-06,2025-05-18,2025-06-11,6,138,162,0.334,0.135,0.38,156,132
65,461923.54818452697,9245129.916387131,1,2024-12-01,2025-03-19,2025-05-06,336,78,126,0.233,0.06,0.172,156,108
65,461923.54818452697,9245129.916387131,2,2025-05-06,2025-09-15,2025-10-21,126,258,294,0.282,0.098,0.222,168,132
66,491699.47179231985,9241880.724191854,1,2024-12-25,2025-01-18,2025-03-31,360,18,90,0.167,-0.046,0.213,96,24
66,491699.47179231985,9241880.724191854,2,2025-03-31,2025-05-18,2025-05-30,90,138,150,0.2,0.013,0.246,60,48
68,471038.9177007015,9240756.899088582,1,2024-11-19,2025-03-07,2025-03-31,324,66,90,0.361,0.196,0.165,132,108
69,483030.323396994,9231951.52069125,1,2024-11-07,2025-01-06,2025-01-30,312,6,30,0.377,0.184,0.258,84,60
69,483030.323396994,9231951.52069125,2,2025-01-30,2025-02-23,2025-04-24,30,54,114,0.374,0.139,0.235,84,24
70,469929.8311135617,9223366.933888089,1,2024-11-07,2024-12-25,2025-01-30,312,360,30,0.413,0.207,0.207,84,48
70,469929.8311135617,9223366.933888089,2,2025-01-30,2025-03-19,2025-04-12,30,78,102,0.36,0.194,0.166,72,48
73,491893.8667914206,9238022.8815513,1,2024-12-13,2025-01-30,2025-03-19,348,30,78,0.198,-0.003,0.201,96,48
76,465599.48247414775,9221393.710740786,1,2024-11-19,2024-11-19,2024-12-13,324,324,348,0.403,0.159,0.244,24,0
76,465599.48247414775,9221393.710740786,2,2024-12-13,2025-03-31,2025-05-06,348,90,126,0.389,0.078,0.311,144,108
80,468989.526088977,9217284.708426733,1,2024-11-07,2024-11-19,2024-12-01,312,324,336,0.23,0.079,0.151,24,12
80,468989.526088977,9217284.708426733,2,2024-12-01,2025-03-31,2025-05-06,336,90,126,0.213,0.055,0.158,156,120
82,480235.35085148807,9235553.620248454,1,2024-12-01,2025-03-07,2025-04-12,336,66,102,0.325,0.097,0.228,132,96
83,495151.2782624962,9241932.906523842,1,2024-11-07,2024-11-07,2024-11-19,312,312,324,0.228,0.048,0.18,12,0
83,495151.2782624962,9241932.906523842,2,2025-01-30,2025-02-23,2025-03-31,30,54,90,0.058,-0.106,0.163,60,24
84,465850.4434318612,9251079.291173574,1,2024-11-07,2024-12-01,2024-12-25,312,336,360,0.288,0.122,0.166,48,24
84,465850.4434318612,9251079.291173574,2,2024-12-25,2025-04-12,2025-04-24,360,102,114,0.25,0.078,0.172,120,108
87,498977.5979523279,9239701.915561754,1,2024-11-07,2024-11-19,2024-12-01,312,324,336,0.317,0.148,0.169,24,12
87,498977.5979523279,9239701.915561754,2,2024-12-01,2025-01-18,2025-03-07,336,18,66,0.661,0.129,0.532,96,48
87,498977.5979523279,9239701.915561754,3,2025-03-07,2025-05-06,2025-06-23,66,126,174,0.74,0.253,0.612,108,60
88,475152.3619695123,9237238.910179926,1,2024-11-19,2025-03-19,2025-03-31,324,78,90,0.288,0.113,0.174,132,120
89,499429.2018981216,9241634.21092979,1,2024-11-07,2025-02-23,2025-03-31,312,54,90,0.504,0.15,0.38,144,108
89,499429.2018981216,9241634.21092979,2,2025-03-31,2025-06-11,2025-07-05,90,162,186,0.522,0.172,0.372,96,72
90,464056.8066605632,9240203.830173992,1,2024-12-01,2025-02-23,2025-03-31,336,54,90,0.42,0.204,0.216,120,84
90,464056.8066605632,9240203.830173992,2,2025-03-31,2025-05-18,2025-07-05,90,138,186,0.48,0.269,0.277,96,48
93,502090.1570604852,9248317.398202782,1,2024-11-07,2025-01-18,2025-03-31,312,18,90,0.384,0.182,0.202,144,72
93,502090.1570604852,9248317.398202782,2,2025-03-31,2025-06-23,2025-07-29,90,174,210,0.398,0.1,0.298,120,84
95,462936.8889807986,9246184.245341988,1,2024-12-13,2025-03-19,2025-04-12,348,78,102,0.266,0.101,0.166,120,96
96,491308.63570739847,9235394.899991184,1,2024-12-13,2025-03-19,2025-04-24,348,78,114,0.341,0.12,0.232,132,96
97,480460.1297978328,9231294.09787235,1,2024-11-19,2025-01-06,2025-01-30,324,6,30,0.366,0.12,0.264,72,48
97,480460.1297978328,9231294.09787235,2,2025-01-30,2025-07-05,2025-07-29,30,186,210,0.374,0.145,0.253,180,156
98,462159.41918740293,9252939.543252593,1,2025-01-06,2025-03-19,2025-04-24,6,78,114,0.361,0.196,0.165,108,72
101,480743.93083535053,9231092.020154422,1,2024-11-19,2025-03-07,2025-03-31,324,66,90,0.392,0.047,0.345,132,108
102,454011.9617136835,9229898.79440556,1,2024-11-07,2024-11-07,2024-12-13,312,312,348,0.19,0.005,0.185,36,0
102,454011.9617136835,9229898.79440556,2,2024-12-13,2025-01-18,2025-01-30,348,18,30,0.265,0.086,0.26,48,36
102,454011.9617136835,9229898.79440556,3,2025-01-30,2025-03-31,2025-05-18,30,90,138,0.276,-0.061,0.337,108,60
103,489836.435356739,9237656.489480788,1,2024-11-07,2024-11-07,2024-12-01,312,312,336,0.211,-0.078,0.289,24,0
103,489836.435356739,9237656.489480788,2,2024-12-01,2025-02-11,2025-07-05,336,42,186,0.113,-0.091,0.205,216,72
106,489276.95456476416,9239861.989477212,1,2024-12-01,2025-03-19,2025-05-30,336,78,150,0.317,0.036,0.281,180,108
106,489276.95456476416,9239861.989477212,2,2025-05-30,2025-08-10,2025-10-09,150,222,282,0.438,0.038,0.402,132,72
108,460491.2484066413,9216642.846213177,1,2024-12-13,2025-02-11,2025-05-06,348,42,126,0.547,0.033,0.514,144,60
108,460491.2484066413,9216642.846213177,2,2025-05-06,2025-05-30,2025-06-11,126,150,162,0.278,0.089,0.246,36,24
109,472617.5377385447,9236561.486777415,1,2024-11-07,2024-11-07,2024-12-01,312,312,336,0.303,0.052,0.251,24,0
109,472617.5377385447,9236561.486777415,2,2024-12-01,2025-02-23,2025-03-07,336,54,66,0.335,0.13,0.284,96,84
109,472617.5377385447,9236561.486777415,3,2025-03-07,2025-05-18,2025-07-17,66,138,198,0.395,0.234,0.265,132,72
109,472617.5377385447,9236561.486777415,4,2025-09-27,2025-09-27,2025-10-21,270,270,294,0.225,0.018,0.207,24,0
110,464348.86124561273,9215998.724853972,1,2024-11-19,2024-12-01,2024-12-13,324,336,348,0.324,0.131,0.193,24,12
110,464348.86124561273,9215998.724853972,2,2024-12-13,2025-06-11,2025-07-05,348,162,186,0.213,0.057,0.156,204,180
110,464348.86124561273,9215998.724853972,3,2025-07-05,2025-09-03,2025-10-09,186,246,282,0.388,0.209,0.331,96,60
111,452691.3585709309,9230744.32984632,1,2024-11-19,2025-02-23,2025-03-19,324,54,78,0.261,-0.158,0.419,120,96
113,461319.6904962273,9228002.76259859,1,2024-11-19,2025-01-06,2025-01-30,324,6,30,0.484,0.279,0.345,72,48
113,461319.6904962273,9228002.76259859,2,2025-01-30,2025-02-11,2025-03-31,30,42,90,0.456,0.076,0.38,60,12
113,461319.6904962273,9228002.76259859,3,2025-03-31,2025-06-11,2025-06-23,90,162,174,0.486,0.289,0.41,84,72
113,461319.6904962273,9228002.76259859,4,2025-09-03,2025-09-15,2025-10-21,246,258,294,0.357,0.062,0.296,48,12
114,460283.3678216073,9234960.046273666,1,2024-11-19,2025-02-23,2025-03-31,324,54,90,0.402,0.212,0.19,132,96
114,460283.3678216073,9234960.046273666,2,2025-03-31,2025-06-11,2025-07-29,90,162,210,0.396,0.231,0.183,120,72
116,460966.71867332904,9254364.666241871,1,2024-12-25,2025-04-12,2025-05-18,360,102,138,0.335,0.125,0.209,144,108
117,472579.22967249295,9240422.54316405,1,2024-11-19,2025-02-23,2025-04-12,324,54,102,0.323,0.105,0.218,144,96
118,492577.25648008665,9240303.597580532,1,2025-01-30,2025-02-11,2025-02-23,30,42,54,0.013,-0.15,0.163,24,12
119,458767.8279533926,9232049.452098165,1,2024-12-13,2025-03-07,2025-03-19,348,66,78,0.268,0.101,0.167,96,84
120,464642.7029310688,9217198.903811475,1,2024-12-25,2025-03-07,2025-06-11,360,66,162,0.368,0.215,0.153,168,72
123,463315.4930966474,9243083.767622184,1,2024-11-07,2024-12-13,2024-12-25,312,348,360,0.28,0.11,0.17,48,36
123,463315.4930966474,9243083.767622184,2,2024-12-25,2025-03-07,2025-04-12,360,66,102,0.307,0.128,0.197,108,72
123,463315.4930966474,9243083.767622184,3,2025-04-12,2025-07-05,2025-07-17,102,186,198,0.439,0.272,0.312,96,84
124,481646.3518981826,9238217.24400751,1,2024-11-07,2024-11-07,2024-11-19,312,312,324,0.29,0.111,0.179,12,0
124,481646.3518981826,9238217.24400751,2,2024-11-19,2025-03-07,2025-05-06,324,66,126,0.497,0.076,0.421,168,108
126,488317.04798508045,9238809.508511923,1,2024-12-13,2025-03-19,2025-05-18,348,78,138,0.273,0.111,0.162,156,96
127,476394.45725982,9231781.340066852,1,2024-11-19,2025-02-23,2025-03-07,324,54,66,0.401,0.19,0.21,108,96
127,476394.45725982,9231781.340066852,2,2025-03-07,2025-06-11,2025-07-05,66,162,186,0.423,0.235,0.233,120,96
128,469130.7438406742,9243921.992537765,1,2024-12-13,2025-03-07,2025-04-12,348,66,102,0.177,-0.026,0.203,120,84
129,456568.5807919772,9222567.348326117,1,2024-12-13,2025-03-07,2025-04-12,348,66,102,0.393,0.171,0.267,120,84
130,458523.7207360077,9234515.193782674,1,2024-11-19,2025-01-30,2025-03-07,324,30,66,0.434,0.256,0.183,108,72
130,458523.7207360077,9234515.193782674,2,2025-03-07,2025-05-18,2025-07-05,66,138,186,0.455,0.215,0.24,120,72
131,491634.45726396167,9238941.959373904,1,2024-11-19,2025-01-06,2025-01-30,324,6,30,0.308,0.11,0.251,72,48
131,491634.45726396167,9238941.959373904,2,2025-01-30,2025-02-11,2025-03-31,30,42,90,0.334,-0.067,0.401,60,12
132,481528.65685500344,9239430.713180562,1,2024-11-19,2025-04-24,2025-05-18,324,114,138,0.239,0.072,0.167,180,156
134,469078.52323315386,9219541.988179743,1,2024-12-01,2025-03-07,2025-03-31,336,66,90,0.325,0.127,0.198,120,96
135,455665.40747756383,9244009.547145024,1,2024-11-07,2025-03-19,2025-03-31,312,78,90,0.156,-0.103,0.259,144,132
135,455665.40747756383,9244009.547145024,2,2025-03-31,2025-09-03,2025-09-15,90,246,258,0.219,0.038,0.322,168,156
136,460347.9805991686,9218119.16099384,1,2024-11-07,2025-02-11,2025-06-11,312,42,162,0.378,0.208,0.235,216,96
137,462350.16167290095,9222679.908964615,1,2024-11-07,2024-12-01,2024-12-13,312,336,348,0.535,0.221,0.46,36,24
137,462350.16167290095,9222679.908964615,2,2024-12-13,2025-01-30,2025-03-07,348,30,66,0.499,0.097,0.402,84,48
137,462350.16167290095,9222679.908964615,3,2025-03-07,2025-06-23,2025-07-29,66,174,210,0.311,0.1,0.213,144,108
139,460860.72994813573,9226777.44731183,1,2024-11-07,2025-03-07,2025-03-19,312,66,78,0.338,0.052,0.286,132,120
140,481993.580295346,9237723.14611185,1,2024-11-07,2024-12-01,2024-12-13,312,336,348,0.34,0.045,0.295,36,24
140,481993.580295346,9237723.14611185,2,2024-12-13,2025-04-12,2025-05-06,348,102,126,0.274,0.094,0.229,144,120
142,469701.97393890034,9247345.2359401,1,2024-11-07,2024-11-19,2024-12-01,312,324,336,0.288,0.023,0.265,24,12
142,469701.97393890034,9247345.2359401,2,2024-12-01,2025-03-19,2025-04-12,336,78,102,0.65,-0.025,0.675,132,108
142,469701.97393890034,9247345.2359401,3,2025-04-12,2025-07-05,2025-07-17,102,186,198,0.414,0.142,0.438,96,84
143,461562.8104482815,9251167.694043146,1,2024-11-07,2024-12-01,2024-12-13,312,336,348,0.303,0.121,0.183,36,24
143,461562.8104482815,9251167.694043146,2,2024-12-13,2025-01-06,2025-01-18,348,6,18,0.402,0.078,0.324,36,24
143,461562.8104482815,9251167.694043146,3,2025-01-18,2025-03-31,2025-05-30,18,90,150,0.351,0.108,0.273,132,72
145,460417.57402200194,9220874.681483109,1,2024-11-19,2024-12-25,2025-01-18,324,360,18,0.361,0.206,0.155,60,36
145,460417.57402200194,9220874.681483109,2,2025-01-18,2025-03-19,2025-05-06,18,78,126,0.475,0.255,0.268,108,60
147,474676.1857214124,9237165.285809558,1,2024-11-19,2025-02-11,2025-03-07,324,42,66,0.491,0.23,0.278,108,84
148,477342.1611593179,9232957.369646138,1,2024-11-07,2025-01-06,2025-03-07,312,6,66,0.448,0.198,0.271,120,60
148,477342.1611593179,9232957.369646138,2,2025-03-07,2025-05-18,2025-10-09,66,138,282,0.441,0.164,0.277,216,72
150,489236.15776297066,9234469.146194836,1,2025-01-06,2025-03-07,2025-05-30,6,66,150,0.433,0.109,0.324,144,60
150,489236.15776297066,9234469.146194836,2,2025-05-30,2025-07-29,2025-08-22,150,210,234,0.418,0.092,0.325,84,60
153,482894.2229504823,9231116.701917304,1,2024-11-19,2025-05-18,2025-05-30,324,138,150,0.369,0.21,0.264,192,180
154,488340.85920576146,9234130.511992412,1,2025-01-06,2025-05-06,2025-05-30,6,126,150,0.381,0.188,0.205,144,120
154,488340.85920576146,9234130.511992412,2,2025-05-30,2025-07-29,2025-08-22,150,210,234,0.407,0.12,0.287,84,60
155,484499.1696930115,9240257.68390205,1,2024-11-07,2025-03-31,2025-05-18,312,90,138,0.337,0.146,0.19,192,144
156,466097.3855191732,9221581.20311656,1,2024-11-07,2024-11-19,2024-12-13,312,324,348,0.319,0.1,0.219,36,12
156,466097.3855191732,9221581.20311656,2,2024-12-13,2025-04-24,2025-05-06,348,114,126,0.21,0.054,0.157,144,132
158,470539.9343752588,9242352.143734273,1,2024-11-07,2024-11-19,2024-12-01,312,324,336,0.331,0.096,0.337,24,12
158,470539.9343752588,9242352.143734273,2,2024-12-01,2025-03-19,2025-04-12,336,78,102,0.424,0.049,0.376,132,108
158,470539.9343752588,9242352.143734273,3,2025-04-12,2025-05-18,2025-06-11,102,138,162,0.432,0.242,0.384,60,36
161,462178.4147930357,9219875.579754865,1,2024-11-07,2024-11-07,2024-11-19,312,312,324,0.365,0.138,0.228,12,0
161,462178.4147930357,9219875.579754865,2,2024-11-19,2024-12-01,2024-12-25,324,336,360,0.317,0.134,0.183,36,12
161,462178.4147930357,9219875.579754865,3,2024-12-25,2025-03-07,2025-04-24,360,66,114,0.45,0.177,0.316,120,72
162,462663.8255274992,9243575.17155643,1,2024-11-07,2025-03-19,2025-04-12,312,78,102,0.397,0.09,0.325,156,132
164,461015.6439325918,9241397.512849728,1,2024-11-07,2025-03-07,2025-03-19,312,66,78,0.314,0.081,0.248,132,120
164,461015.6439325918,9241397.512849728,2,2025-03-19,2025-05-18,2025-06-23,78,138,174,0.43,0.264,0.349,96,60
165,469401.5691923222,9244047.816453252,1,2024-11-07,2024-11-19,2024-12-13,312,324,348,0.396,0.105,0.291,36,12
165,469401.5691923222,9244047.816453252,2,2024-12-13,2025-02-11,2025-02-23,348,42,54,0.391,0.184,0.286,72,60
165,469401.5691923222,9244047.816453252,3,2025-02-23,2025-03-07,2025-04-12,54,66,102,0.376,0.168,0.208,48,12
165,469401.5691923222,9244047.816453252,4,2025-04-12,2025-07-17,2025-08-22,102,198,234,0.552,0.179,0.384,132,96
168,477805.0740016805,9235400.404628947,1,2024-11-07,2025-01-06,2025-03-19,312,6,78,0.383,0.178,0.22,132,60
170,502959.8576019066,9246681.066087618,1,2024-11-07,2025-02-11,2025-03-07,312,42,66,0.413,0.229,0.294,120,96
170,502959.8576019066,9246681.066087618,2,2025-03-07,2025-05-06,2025-05-18,66,126,138,0.51,0.183,0.326,72,60
170,502959.8576019066,9246681.066087618,3,2025-05-18,2025-09-03,2025-10-21,138,246,294,0.295,0.071,0.224,156,108
171,460152.4721362782,9242252.558624009,1,2024-11-07,2025-02-23,2025-03-31,312,54,90,0.397,0.195,0.202,144,108
172,463000.2255201336,9225143.241869075,1,2024-11-07,2024-11-07,2024-12-01,312,312,336,0.372,0.077,0.295,24,0
172,463000.2255201336,9225143.241869075,2,2024-12-01,2025-03-07,2025-04-12,336,66,102,0.38,0.175,0.303,132,96
173,480207.28746414674,9231870.684368411,1,2024-11-19,2025-03-19,2025-03-31,324,78,90,0.345,0.095,0.25,132,120
174,458912.8967071283,9249822.748268813,1,2024-12-01,2024-12-01,2024-12-13,336,336,348,0.197,-0.072,0.269,12,0
174,458912.8967071283,9249822.748268813,2,2024-12-13,2025-03-31,2025-05-18,348,90,138,0.33,0.099,0.402,156,108
174,458912.8967071283,9249822.748268813,3,2025-05-18,2025-10-09,2025-10-21,138,282,294,0.341,0.036,0.305,156,144
175,461916.2046416754,9252864.012248186,1,2025-02-11,2025-03-19,2025-05-06,42,78,126,0.37,0.204,0.166,84,36
176,470783.236410018,9238157.300665405,1,2024-12-01,2025-02-23,2025-03-19,336,54,78,0.349,0.053,0.297,108,84
176,470783.236410018,9238157.300665405,2,2025-03-19,2025-06-11,2025-07-17,78,162,198,0.358,0.185,0.305,120,84
180,493964.25031187275,9237571.835175738,1,2024-12-13,2025-03-07,2025-03-31,348,66,90,0.222,-0.044,0.266,108,84
180,493964.25031187275,9237571.835175738,2,2025-03-31,2025-05-06,2025-05-30,90,126,150,0.135,-0.037,0.179,60,36
181,469100.24864441546,9246363.028682085,1,2025-03-19,2025-06-11,2025-07-29,78,162,210,0.381,0.171,0.211,132,84
182,461151.6703577532,9247005.44388692,1,2025-03-19,2025-03-31,2025-04-24,78,90,114,0.283,0.105,0.178,36,12
186,459025.5050659374,9242750.115730308,1,2024-12-13,2025-01-30,2025-03-07,348,30,66,0.398,0.214,0.184,84,48
187,462986.5038698831,9246227.200172417,1,2024-11-07,2024-11-19,2024-12-13,312,324,348,0.318,0.112,0.206,36,12
187,462986.5038698831,9246227.200172417,2,2024-12-13,2025-03-07,2025-05-06,348,66,126,0.326,0.161,0.214,144,84
189,481112.01633900113,9235239.82996633,1,2024-11-07,2024-11-07,2024-11-19,312,312,324,0.278,0.074,0.204,12,0
189,481112.01633900113,9235239.82996633,2,2024-11-19,2024-12-25,2025-01-18,324,360,18,0.405,0.225,0.331,60,36
189,481112.01633900113,9235239.82996633,3,2025-01-18,2025-02-11,2025-04-12,18,42,102,0.431,0.196,0.235,84,24
191,478772.3097444077,9230782.5750828,1,2024-11-07,2024-11-07,2024-12-01,312,312,336,0.161,0.008,0.153,24,0
191,478772.3097444077,9230782.5750828,2,2024-12-01,2025-03-19,2025-04-24,336,78,114,0.246,0.016,0.237,144,108
192,498105.13985283434,9242317.615048554,1,2024-11-07,2024-11-07,2024-12-01,312,312,336,0.428,0.132,0.295,24,0
192,498105.13985283434,9242317.615048554,2,2024-12-01,2024-12-25,2025-01-06,336,360,6,0.38,0.148,0.248,36,24
192,498105.13985283434,9242317.615048554,3,2025-01-06,2025-01-18,2025-03-07,6,18,66,0.417,0.135,0.282,60,12
192,498105.13985283434,9242317.615048554,4,2025-03-07,2025-03-31,2025-04-12,66,90,102,0.462,0.1,0.362,36,24
192,498105.13985283434,9242317.615048554,5,2025-04-12,2025-07-05,2025-09-03,102,186,246,0.385,0.123,0.285,144,84
194,458699.530135873,9239642.11793869,1,2024-11-19,2024-12-01,2024-12-13,324,336,348,0.361,0.15,0.212,24,12
196,458636.5361424684,9218129.43803502,1,2024-11-07,2025-02-11,2025-04-24,312,42,114,0.549,0.34,0.267,168,96
196,458636.5361424684,9218129.43803502,2,2025-04-24,2025-05-06,2025-05-30,114,126,150,0.523,0.261,0.262,36,12
197,458224.2778140301,9232434.420470906,1,2024-12-01,2025-01-06,2025-02-11,336,6,42,0.522,0.324,0.199,72,36
198,456434.96543643577,9219700.403301224,1,2024-11-19,2024-12-01,2025-01-30,324,336,30,0.363,0.2,0.163,72,12
198,456434.96543643577,9219700.403301224,2,2025-01-30,2025-03-19,2025-06-11,30,78,162,0.378,0.185,0.193,132,48
